track_id,track_name,album_id,album_name,track_number,duration_ms,explicit,spotify_url
6nt3AoYjkaqXMZhypTBky1,SWIM,6iPjmGZeonxBZ9r7Cjkezq,KEEP SWIMMING,1,159007,False,https://open.spotify.com/track/6nt3AoYjkaqXMZhypTBky1
7EytKcb3klVPpN5IW1sj1Y,SWIM with RM (Chill Hip Hop Remix),6iPjmGZeonxBZ9r7Cjkezq,KEEP SWIMMING,2,163226,False,https://open.spotify.com/track/7EytKcb3klVPpN5IW1sj1Y
5dZLsPskKzph16LWo31uxL,SWIM with Jin (Alternative Rock Remix),6iPjmGZeonxBZ9r7Cjkezq,KEEP SWIMMING,3,193813,False,https://open.spotify.com/track/5dZLsPskKzph16LWo31uxL
5AL5OrvyIMPqKjl9iw3xO5,SWIM with SUGA (Melodic Techno Remix),6iPjmGZeonxBZ9r7Cjkezq,KEEP SWIMMING,4,219573,False,https://open.spotify.com/track/5AL5OrvyIMPqKjl9iw3xO5
3MCJY7lXCHa0UNIjsAucaJ,SWIM with j-hope (Afrobeat Remix),6iPjmGZeonxBZ9r7Cjkezq,KEEP SWIMMING,5,153133,False,https://open.spotify.com/track/3MCJY7lXCHa0UNIjsAucaJ
1rHA1rzjy0cBgmV0ZwfrXb,SWIM with Jimin (Slow Jam R&B Remix),6iPjmGZeonxBZ9r7Cjkezq,KEEP SWIMMING,6,149093,False,https://open.spotify.com/track/1rHA1rzjy0cBgmV0ZwfrXb
7msJH9xSJP7C7KTo3HM0i2,SWIM with V (Electronic Remix),6iPjmGZeonxBZ9r7Cjkezq,KEEP SWIMMING,7,140871,False,https://open.spotify.com/track/7msJH9xSJP7C7KTo3HM0i2
0a7MZlflT3ZdvdwoP72zM3,SWIM with Jung Kook (Acoustic Lofi Remix),6iPjmGZeonxBZ9r7Cjkezq,KEEP SWIMMING,8,158493,False,https://open.spotify.com/track/0a7MZlflT3ZdvdwoP72zM3
0hnJ6xEDnBf6zlptWFSQl6,SWIM (Instrumental),6iPjmGZeonxBZ9r7Cjkezq,KEEP SWIMMING,9,157880,False,https://open.spotify.com/track/0hnJ6xEDnBf6zlptWFSQl6
2rKkfc4VZ74FQDc1FF1Zo6,Body to Body,3ukkRHDHbN8tNRPKsGZR1h,ARIRANG,1,189725,False,https://open.spotify.com/track/2rKkfc4VZ74FQDc1FF1Zo6
20dAJsyno9ZoBLJtqgQnUI,Hooligan,3ukkRHDHbN8tNRPKsGZR1h,ARIRANG,2,182046,False,https://open.spotify.com/track/20dAJsyno9ZoBLJtqgQnUI
5tg21NdePCn5m8F9BXOEeJ,Aliens,3ukkRHDHbN8tNRPKsGZR1h,ARIRANG,3,167751,False,https://open.spotify.com/track/5tg21NdePCn5m8F9BXOEeJ
0KmrKOdScRDVYwWS8hkkdv,FYA,3ukkRHDHbN8tNRPKsGZR1h,ARIRANG,4,180543,False,https://open.spotify.com/track/0KmrKOdScRDVYwWS8hkkdv
3bmpXHVie1GTy37OkXJ7Vc,2.0,3ukkRHDHbN8tNRPKsGZR1h,ARIRANG,5,169929,False,https://open.spotify.com/track/3bmpXHVie1GTy37OkXJ7Vc
3plyGpDgzfrnZbpElpfioV,No. 29,3ukkRHDHbN8tNRPKsGZR1h,ARIRANG,6,98453,False,https://open.spotify.com/track/3plyGpDgzfrnZbpElpfioV
68lbSrXDORS51pmyjZv712,SWIM,3ukkRHDHbN8tNRPKsGZR1h,ARIRANG,7,159007,False,https://open.spotify.com/track/68lbSrXDORS51pmyjZv712
3VegC0PZiHjGxb80DER8XU,Merry Go Round,3ukkRHDHbN8tNRPKsGZR1h,ARIRANG,8,229855,False,https://open.spotify.com/track/3VegC0PZiHjGxb80DER8XU
4B4Q7zfd0aHcuhQBfCRnH5,NORMAL,3ukkRHDHbN8tNRPKsGZR1h,ARIRANG,9,181649,True,https://open.spotify.com/track/4B4Q7zfd0aHcuhQBfCRnH5
2IFND3phjzIG1RcPnHh2hP,Like Animals,3ukkRHDHbN8tNRPKsGZR1h,ARIRANG,10,189746,False,https://open.spotify.com/track/2IFND3phjzIG1RcPnHh2hP
0b61A7v9agI08BG21jJPQ9,they don’t know ’bout us,3ukkRHDHbN8tNRPKsGZR1h,ARIRANG,11,164241,False,https://open.spotify.com/track/0b61A7v9agI08BG21jJPQ9
6s3w7SUVtmm68Bw5KrKMh0,One More Night,3ukkRHDHbN8tNRPKsGZR1h,ARIRANG,12,167589,False,https://open.spotify.com/track/6s3w7SUVtmm68Bw5KrKMh0
1XpVhaI4HzWrhRWIpdfyJB,Please,3ukkRHDHbN8tNRPKsGZR1h,ARIRANG,13,172796,False,https://open.spotify.com/track/1XpVhaI4HzWrhRWIpdfyJB
1ZNolq7VI7efGlh2hb2VVr,Into the Sun,3ukkRHDHbN8tNRPKsGZR1h,ARIRANG,14,227660,False,https://open.spotify.com/track/1ZNolq7VI7efGlh2hb2VVr
0RTYfrqHvTUxFpmuvSyobG,ON - Live,7xLhqoM0ilHRKUg2irVSDI,PERMISSION TO DANCE ON STAGE - LIVE,1,331414,False,https://open.spotify.com/track/0RTYfrqHvTUxFpmuvSyobG
0ZesCaUx90FOcVUp2lL3fq,Burning Up (FIRE) - Live,7xLhqoM0ilHRKUg2irVSDI,PERMISSION TO DANCE ON STAGE - LIVE,2,212565,False,https://open.spotify.com/track/0ZesCaUx90FOcVUp2lL3fq
3gXItsnl1sUAtkovOFiGOQ,Dope - Live,7xLhqoM0ilHRKUg2irVSDI,PERMISSION TO DANCE ON STAGE - LIVE,3,261795,False,https://open.spotify.com/track/3gXItsnl1sUAtkovOFiGOQ
4yodkgQH2SuXMHwMnR35Sp,DNA - Live,7xLhqoM0ilHRKUg2irVSDI,PERMISSION TO DANCE ON STAGE - LIVE,4,228727,False,https://open.spotify.com/track/4yodkgQH2SuXMHwMnR35Sp
6blVdEq8pMWOcoHdRVzsxG,Blue & Grey - Live,7xLhqoM0ilHRKUg2irVSDI,PERMISSION TO DANCE ON STAGE - LIVE,5,271141,False,https://open.spotify.com/track/6blVdEq8pMWOcoHdRVzsxG
5LlKpH6Y9NB4AA3VJNv5gw,Black Swan - Live,7xLhqoM0ilHRKUg2irVSDI,PERMISSION TO DANCE ON STAGE - LIVE,6,203691,False,https://open.spotify.com/track/5LlKpH6Y9NB4AA3VJNv5gw
74BEdRSCBbSGYJe2TQvcrR,Blood Sweat & Tears - Live,7xLhqoM0ilHRKUg2irVSDI,PERMISSION TO DANCE ON STAGE - LIVE,7,46410,False,https://open.spotify.com/track/74BEdRSCBbSGYJe2TQvcrR
5OeRRQeyMvgc3a9h5288m9,FAKE LOVE - Live,7xLhqoM0ilHRKUg2irVSDI,PERMISSION TO DANCE ON STAGE - LIVE,8,253446,False,https://open.spotify.com/track/5OeRRQeyMvgc3a9h5288m9
0PGLdlM0PkrJ9U8xDp4wMH,Life Goes On - Live,7xLhqoM0ilHRKUg2irVSDI,PERMISSION TO DANCE ON STAGE - LIVE,9,221619,False,https://open.spotify.com/track/0PGLdlM0PkrJ9U8xDp4wMH
4EAIHRqVnaof9FKjYQFDGZ,Boy With Luv (Feat. Halsey) - Live,7xLhqoM0ilHRKUg2irVSDI,PERMISSION TO DANCE ON STAGE - LIVE,10,236019,False,https://open.spotify.com/track/4EAIHRqVnaof9FKjYQFDGZ
3FZN0Ceh7b6aUz3xPWRyOk,Dynamite - Live,7xLhqoM0ilHRKUg2irVSDI,PERMISSION TO DANCE ON STAGE - LIVE,11,196951,False,https://open.spotify.com/track/3FZN0Ceh7b6aUz3xPWRyOk
1Xzqryxsf3vIRazdffKEOL,Butter - Live,7xLhqoM0ilHRKUg2irVSDI,PERMISSION TO DANCE ON STAGE - LIVE,12,196552,False,https://open.spotify.com/track/1Xzqryxsf3vIRazdffKEOL
3VOmrD6wxlMvVkeWpPRcEQ,Telepathy - Live,7xLhqoM0ilHRKUg2irVSDI,PERMISSION TO DANCE ON STAGE - LIVE,13,266690,False,https://open.spotify.com/track/3VOmrD6wxlMvVkeWpPRcEQ
4uMdTFR3ApM5LzPboawx4j,Outro : Wings - Live,7xLhqoM0ilHRKUg2irVSDI,PERMISSION TO DANCE ON STAGE - LIVE,14,226093,False,https://open.spotify.com/track/4uMdTFR3ApM5LzPboawx4j
7ldvwszvPNuDAtUM0OJxmj,Stay - Live,7xLhqoM0ilHRKUg2irVSDI,PERMISSION TO DANCE ON STAGE - LIVE,15,136045,False,https://open.spotify.com/track/7ldvwszvPNuDAtUM0OJxmj
1M1YZZAhOheB9gFmzqrVLw,So What - Live,7xLhqoM0ilHRKUg2irVSDI,PERMISSION TO DANCE ON STAGE - LIVE,16,174327,False,https://open.spotify.com/track/1M1YZZAhOheB9gFmzqrVLw
3yzvhUle7G7w8m37pYaM8q,IDOL - Live,7xLhqoM0ilHRKUg2irVSDI,PERMISSION TO DANCE ON STAGE - LIVE,17,262062,False,https://open.spotify.com/track/3yzvhUle7G7w8m37pYaM8q
5TOeixpcODZEealpmHEfOl,Airplane pt.2 - Live,7xLhqoM0ilHRKUg2irVSDI,PERMISSION TO DANCE ON STAGE - LIVE,18,115956,False,https://open.spotify.com/track/5TOeixpcODZEealpmHEfOl
0x7ckKKeJUC1bZVPGFEdFW,Silver Spoon - Live,7xLhqoM0ilHRKUg2irVSDI,PERMISSION TO DANCE ON STAGE - LIVE,19,93273,False,https://open.spotify.com/track/0x7ckKKeJUC1bZVPGFEdFW
1Mqkv1ZaIW5OLrhId4hsFT,Dis-ease - Live,7xLhqoM0ilHRKUg2irVSDI,PERMISSION TO DANCE ON STAGE - LIVE,20,236479,False,https://open.spotify.com/track/1Mqkv1ZaIW5OLrhId4hsFT
3znJC1qQ4H4OHmteu5atiX,Spring Day - Live,7xLhqoM0ilHRKUg2irVSDI,PERMISSION TO DANCE ON STAGE - LIVE,21,296931,False,https://open.spotify.com/track/3znJC1qQ4H4OHmteu5atiX
4UAnQaQTSMjKjHkqjKwEYx,Permission to Dance - Live,7xLhqoM0ilHRKUg2irVSDI,PERMISSION TO DANCE ON STAGE - LIVE,22,279286,False,https://open.spotify.com/track/4UAnQaQTSMjKjHkqjKwEYx
1IthE5GNiRzFN5CVaCa445,Born Singer,6al2VdKbb6FIz9d7lU7WRB,Proof,1,238628,False,https://open.spotify.com/track/1IthE5GNiRzFN5CVaCa445
27S8iOXD7Z58yvJtyk2S9j,No More Dream,6al2VdKbb6FIz9d7lU7WRB,Proof,2,222066,False,https://open.spotify.com/track/27S8iOXD7Z58yvJtyk2S9j
2GEnvQgSJhedm2sqZlOP8o,N.O,6al2VdKbb6FIz9d7lU7WRB,Proof,3,209751,False,https://open.spotify.com/track/2GEnvQgSJhedm2sqZlOP8o
0vMk4IrUfSJQkhwZnVX6us,Boy In Luv,6al2VdKbb6FIz9d7lU7WRB,Proof,4,231384,False,https://open.spotify.com/track/0vMk4IrUfSJQkhwZnVX6us
0Q53fuiKLGjDKD7Mme7EoQ,Danger,6al2VdKbb6FIz9d7lU7WRB,Proof,5,245810,False,https://open.spotify.com/track/0Q53fuiKLGjDKD7Mme7EoQ
1GunnGtZCSjLUAPG6yrDUC,I NEED U,6al2VdKbb6FIz9d7lU7WRB,Proof,6,210986,False,https://open.spotify.com/track/1GunnGtZCSjLUAPG6yrDUC
20Qqyt4bd1oe4KmkTagb2K,RUN,6al2VdKbb6FIz9d7lU7WRB,Proof,7,236748,False,https://open.spotify.com/track/20Qqyt4bd1oe4KmkTagb2K
5cQPIQAF2T1elxWs7EqB9W,Burning Up (FIRE),6al2VdKbb6FIz9d7lU7WRB,Proof,8,203957,False,https://open.spotify.com/track/5cQPIQAF2T1elxWs7EqB9W
1wiqEFd8phSCSlteDLSyp2,Blood Sweat & Tears,6al2VdKbb6FIz9d7lU7WRB,Proof,9,217051,False,https://open.spotify.com/track/1wiqEFd8phSCSlteDLSyp2
4upRoEWkMWhhMfEgPZMFRP,Spring Day,6al2VdKbb6FIz9d7lU7WRB,Proof,10,274703,False,https://open.spotify.com/track/4upRoEWkMWhhMfEgPZMFRP
2Ygw4CPjg1lg4zxTITYY2V,DNA,6al2VdKbb6FIz9d7lU7WRB,Proof,11,223441,False,https://open.spotify.com/track/2Ygw4CPjg1lg4zxTITYY2V
3YspylwDrs1LuzPONbKmAL,FAKE LOVE,6al2VdKbb6FIz9d7lU7WRB,Proof,12,242333,False,https://open.spotify.com/track/3YspylwDrs1LuzPONbKmAL
0KCvsHmGvW2XcsxEWJvLPr,IDOL,6al2VdKbb6FIz9d7lU7WRB,Proof,13,222732,False,https://open.spotify.com/track/0KCvsHmGvW2XcsxEWJvLPr
07qrA1FxZpXy383wX3IDEb,Boy With Luv (Feat. Halsey),6al2VdKbb6FIz9d7lU7WRB,Proof,14,229773,False,https://open.spotify.com/track/07qrA1FxZpXy383wX3IDEb
0U4hNZFJYNFdEAXZcHbkkc,ON,6al2VdKbb6FIz9d7lU7WRB,Proof,15,246817,False,https://open.spotify.com/track/0U4hNZFJYNFdEAXZcHbkkc
1hIuSG6xV4RDgD8bDVKP7N,Dynamite,6al2VdKbb6FIz9d7lU7WRB,Proof,16,199293,False,https://open.spotify.com/track/1hIuSG6xV4RDgD8bDVKP7N
1VjqXwHU3isibdXLEtXc4q,Life Goes On,6al2VdKbb6FIz9d7lU7WRB,Proof,17,208088,False,https://open.spotify.com/track/1VjqXwHU3isibdXLEtXc4q
6jjYDGxVJsWS0a5wlVF5vS,Butter,6al2VdKbb6FIz9d7lU7WRB,Proof,18,164952,False,https://open.spotify.com/track/6jjYDGxVJsWS0a5wlVF5vS
10SRMwb9EuVS1K9rYsBfHQ,Yet To Come,6al2VdKbb6FIz9d7lU7WRB,Proof,19,193593,False,https://open.spotify.com/track/10SRMwb9EuVS1K9rYsBfHQ
69xohKu8C1fsflYAiSNbwM,Run BTS,6al2VdKbb6FIz9d7lU7WRB,Proof,1,204939,False,https://open.spotify.com/track/69xohKu8C1fsflYAiSNbwM
1e45vYKAMljTZUQUotLdq2,Intro : Persona,6al2VdKbb6FIz9d7lU7WRB,Proof,2,171023,False,https://open.spotify.com/track/1e45vYKAMljTZUQUotLdq2
5YbEHfUUvXsUsg7qNYXUpP,Stay,6al2VdKbb6FIz9d7lU7WRB,Proof,3,206208,False,https://open.spotify.com/track/5YbEHfUUvXsUsg7qNYXUpP
7xuswKr3R30Cm46LbkOsno,Moon,6al2VdKbb6FIz9d7lU7WRB,Proof,4,208201,False,https://open.spotify.com/track/7xuswKr3R30Cm46LbkOsno
7FhCf28FnHIt3FPRyWzRNG,Jamais Vu,6al2VdKbb6FIz9d7lU7WRB,Proof,5,227275,False,https://open.spotify.com/track/7FhCf28FnHIt3FPRyWzRNG
0KB5bwjunSShEpHgUgj4NV,Trivia 轉 : Seesaw,6al2VdKbb6FIz9d7lU7WRB,Proof,6,246334,False,https://open.spotify.com/track/0KB5bwjunSShEpHgUgj4NV
1XkVZKfViRyaQcBWUEVwrd,BTS Cypher PT.3 : KILLER (Feat. Supreme Boi),6al2VdKbb6FIz9d7lU7WRB,Proof,7,268604,False,https://open.spotify.com/track/1XkVZKfViRyaQcBWUEVwrd
47Qw0zTwJKA2CJgtueJqml,Outro : Ego,6al2VdKbb6FIz9d7lU7WRB,Proof,8,196353,False,https://open.spotify.com/track/47Qw0zTwJKA2CJgtueJqml
56ymD9oPodUTG8oHhauCMx,Her,6al2VdKbb6FIz9d7lU7WRB,Proof,9,228612,False,https://open.spotify.com/track/56ymD9oPodUTG8oHhauCMx
2ZXXwpomdj8xBYl352iyKH,Filter,6al2VdKbb6FIz9d7lU7WRB,Proof,10,180220,False,https://open.spotify.com/track/2ZXXwpomdj8xBYl352iyKH
7b3Fx7XAPJDk7fYlti24ZH,Friends,6al2VdKbb6FIz9d7lU7WRB,Proof,11,199338,False,https://open.spotify.com/track/7b3Fx7XAPJDk7fYlti24ZH
3WMLle4WsAKsZ9G1a5L8c9,Singularity,6al2VdKbb6FIz9d7lU7WRB,Proof,12,196998,False,https://open.spotify.com/track/3WMLle4WsAKsZ9G1a5L8c9
6aIJhrO0Y4zeDLxLkj2NXk,00:00 (Zero O'Clock),6al2VdKbb6FIz9d7lU7WRB,Proof,13,250295,False,https://open.spotify.com/track/6aIJhrO0Y4zeDLxLkj2NXk
2r8F0VYPom2XP4cKAzWLLE,Euphoria,6al2VdKbb6FIz9d7lU7WRB,Proof,14,228615,False,https://open.spotify.com/track/2r8F0VYPom2XP4cKAzWLLE
58yMMEtAYdyWIr2UEPwmNo,Dimple,6al2VdKbb6FIz9d7lU7WRB,Proof,15,196776,False,https://open.spotify.com/track/58yMMEtAYdyWIr2UEPwmNo
4JzCFEc3O2UEdjKzevvFH5,For Youth,6al2VdKbb6FIz9d7lU7WRB,Proof,1,264480,False,https://open.spotify.com/track/4JzCFEc3O2UEdjKzevvFH5
5FVbvttjEvQ8r2BgUcJgNg,Life Goes On,6nYfHQnvkvOTNHnOhDT3sr,BE,1,207481,False,https://open.spotify.com/track/5FVbvttjEvQ8r2BgUcJgNg
1NHl9g36Ebu3g16y0vtUNV,Fly To My Room,6nYfHQnvkvOTNHnOhDT3sr,BE,2,222242,False,https://open.spotify.com/track/1NHl9g36Ebu3g16y0vtUNV
7Ki0hse0IfXEcXUlpyECbJ,Blue & Grey,6nYfHQnvkvOTNHnOhDT3sr,BE,3,254950,False,https://open.spotify.com/track/7Ki0hse0IfXEcXUlpyECbJ
16SFlxZd0oH4YA7KvCQlsG,Skit,6nYfHQnvkvOTNHnOhDT3sr,BE,4,179547,False,https://open.spotify.com/track/16SFlxZd0oH4YA7KvCQlsG
6Fnvi5QnVkTskSzeRvvQds,Telepathy,6nYfHQnvkvOTNHnOhDT3sr,BE,5,202313,False,https://open.spotify.com/track/6Fnvi5QnVkTskSzeRvvQds
0hxeouHqP3qzpTHerA7ha2,Dis-ease,6nYfHQnvkvOTNHnOhDT3sr,BE,6,239722,False,https://open.spotify.com/track/0hxeouHqP3qzpTHerA7ha2
0TdWVbcerMAcvljXrl9gpG,Stay,6nYfHQnvkvOTNHnOhDT3sr,BE,7,204800,False,https://open.spotify.com/track/0TdWVbcerMAcvljXrl9gpG
5QDLhrAOJJdNAmCTJ8xMyW,Dynamite,6nYfHQnvkvOTNHnOhDT3sr,BE,8,199053,False,https://open.spotify.com/track/5QDLhrAOJJdNAmCTJ8xMyW
5raJ9QoZOdoRZ1MZOcygkR,INTRO : Calling,1nScVw87kRJiT2bg2Kswhp,MAP OF THE SOUL : 7 ~ THE JOURNEY ~,1,84613,False,https://open.spotify.com/track/5raJ9QoZOdoRZ1MZOcygkR
3Ys2PYl1wyPKQIwyqhP9cQ,Stay Gold,1nScVw87kRJiT2bg2Kswhp,MAP OF THE SOUL : 7 ~ THE JOURNEY ~,2,243266,False,https://open.spotify.com/track/3Ys2PYl1wyPKQIwyqhP9cQ
1GAAUZBTaIM1LwNpOJQJrZ,Boy With Luv - Japanese ver.,1nScVw87kRJiT2bg2Kswhp,MAP OF THE SOUL : 7 ~ THE JOURNEY ~,3,230013,False,https://open.spotify.com/track/1GAAUZBTaIM1LwNpOJQJrZ
6P0Ni8GrnwRScC4uk8tKqM,Make It Right - Japanese ver.,1nScVw87kRJiT2bg2Kswhp,MAP OF THE SOUL : 7 ~ THE JOURNEY ~,4,225520,False,https://open.spotify.com/track/6P0Ni8GrnwRScC4uk8tKqM
6j0NiWoRQDiNC05RwVVZNa,Dionysus - Japanese ver.,1nScVw87kRJiT2bg2Kswhp,MAP OF THE SOUL : 7 ~ THE JOURNEY ~,5,248906,False,https://open.spotify.com/track/6j0NiWoRQDiNC05RwVVZNa
2vYF5MHeCNtqCVastthDAo,IDOL - Japanese ver.,1nScVw87kRJiT2bg2Kswhp,MAP OF THE SOUL : 7 ~ THE JOURNEY ~,6,223213,False,https://open.spotify.com/track/2vYF5MHeCNtqCVastthDAo
4EeVAiJtyblHzvkN9sZCmM,Airplane pt.2 - Japanese ver.,1nScVw87kRJiT2bg2Kswhp,MAP OF THE SOUL : 7 ~ THE JOURNEY ~,7,220053,False,https://open.spotify.com/track/4EeVAiJtyblHzvkN9sZCmM
4jTEbIwCMcHSwlSEiR4NlQ,FAKE LOVE - Japanese ver.,1nScVw87kRJiT2bg2Kswhp,MAP OF THE SOUL : 7 ~ THE JOURNEY ~,8,243533,False,https://open.spotify.com/track/4jTEbIwCMcHSwlSEiR4NlQ
5smmjzMNkj4YSacTBH6taZ,Black Swan - Japanese ver.,1nScVw87kRJiT2bg2Kswhp,MAP OF THE SOUL : 7 ~ THE JOURNEY ~,9,198760,False,https://open.spotify.com/track/5smmjzMNkj4YSacTBH6taZ
2hhizKAVm9wNn0d2N05jkG,ON - Japanese ver.,1nScVw87kRJiT2bg2Kswhp,MAP OF THE SOUL : 7 ~ THE JOURNEY ~,10,247986,False,https://open.spotify.com/track/2hhizKAVm9wNn0d2N05jkG
3TDUktzfYXMWjkWqwoT5F1,Lights,1nScVw87kRJiT2bg2Kswhp,MAP OF THE SOUL : 7 ~ THE JOURNEY ~,11,292853,False,https://open.spotify.com/track/3TDUktzfYXMWjkWqwoT5F1
3TZ7NHkMT82AhwuYsd00Hz,Your eyes tell,1nScVw87kRJiT2bg2Kswhp,MAP OF THE SOUL : 7 ~ THE JOURNEY ~,12,245146,False,https://open.spotify.com/track/3TZ7NHkMT82AhwuYsd00Hz
0VF357Gjay5vvCqWA1kSu6,OUTRO : The Journey,1nScVw87kRJiT2bg2Kswhp,MAP OF THE SOUL : 7 ~ THE JOURNEY ~,13,76506,False,https://open.spotify.com/track/0VF357Gjay5vvCqWA1kSu6
7incJHhOl108CJBxylqc1z,Intro : Persona,5W1XY5ucNATjTULERvXx9j,MAP OF THE SOUL : 7,1,171023,False,https://open.spotify.com/track/7incJHhOl108CJBxylqc1z
7lrqvdivAYRGEiO8JFP31G,Boy With Luv (Feat. Halsey),5W1XY5ucNATjTULERvXx9j,MAP OF THE SOUL : 7,2,229773,False,https://open.spotify.com/track/7lrqvdivAYRGEiO8JFP31G
30YLyzfEjMQsXj4ZFslAmT,Make It Right,5W1XY5ucNATjTULERvXx9j,MAP OF THE SOUL : 7,3,226321,False,https://open.spotify.com/track/30YLyzfEjMQsXj4ZFslAmT
0PpNBEXkjalflGCMMsBV5B,Jamais Vu,5W1XY5ucNATjTULERvXx9j,MAP OF THE SOUL : 7,4,227275,False,https://open.spotify.com/track/0PpNBEXkjalflGCMMsBV5B
5LvqzuJCNpi2pNkJAX8mBT,Dionysus,5W1XY5ucNATjTULERvXx9j,MAP OF THE SOUL : 7,5,249215,False,https://open.spotify.com/track/5LvqzuJCNpi2pNkJAX8mBT
7om4LRoSct9hiMPo0fPn7m,Interlude : Shadow,5W1XY5ucNATjTULERvXx9j,MAP OF THE SOUL : 7,6,259821,False,https://open.spotify.com/track/7om4LRoSct9hiMPo0fPn7m
2EmcTFQ1rM11wp2ztsXTHa,Black Swan,5W1XY5ucNATjTULERvXx9j,MAP OF THE SOUL : 7,7,198260,False,https://open.spotify.com/track/2EmcTFQ1rM11wp2ztsXTHa
4bZZVcgWWMWPBwzTTp642w,Filter,5W1XY5ucNATjTULERvXx9j,MAP OF THE SOUL : 7,8,180220,False,https://open.spotify.com/track/4bZZVcgWWMWPBwzTTp642w
0YJFlxeHMUr9MxSDQVuQJA,My Time,5W1XY5ucNATjTULERvXx9j,MAP OF THE SOUL : 7,9,234457,False,https://open.spotify.com/track/0YJFlxeHMUr9MxSDQVuQJA
4Aw8n6r2vuU0KUo1a2nftp,Louder than bombs,5W1XY5ucNATjTULERvXx9j,MAP OF THE SOUL : 7,10,217404,False,https://open.spotify.com/track/4Aw8n6r2vuU0KUo1a2nftp
0fZRNhPJ4AGmwY7rkpdbqK,ON,5W1XY5ucNATjTULERvXx9j,MAP OF THE SOUL : 7,11,246380,False,https://open.spotify.com/track/0fZRNhPJ4AGmwY7rkpdbqK
2QZe2H1f03t5PJWEMg2Mbe,UGH!,5W1XY5ucNATjTULERvXx9j,MAP OF THE SOUL : 7,12,225012,False,https://open.spotify.com/track/2QZe2H1f03t5PJWEMg2Mbe
6fqaMyg066xlukvUJWdM2T,00:00 (Zero O’Clock),5W1XY5ucNATjTULERvXx9j,MAP OF THE SOUL : 7,13,250295,False,https://open.spotify.com/track/6fqaMyg066xlukvUJWdM2T
25MHcbjvSdcfTiFgbKJiZF,Inner Child,5W1XY5ucNATjTULERvXx9j,MAP OF THE SOUL : 7,14,233265,False,https://open.spotify.com/track/25MHcbjvSdcfTiFgbKJiZF
5RjUtRlDonw3TBgGGMLC5b,Friends,5W1XY5ucNATjTULERvXx9j,MAP OF THE SOUL : 7,15,199338,False,https://open.spotify.com/track/5RjUtRlDonw3TBgGGMLC5b
6KhAXXgDtEEahVzATvFNcn,Moon,5W1XY5ucNATjTULERvXx9j,MAP OF THE SOUL : 7,16,208589,False,https://open.spotify.com/track/6KhAXXgDtEEahVzATvFNcn
2yKBnKOmPXePrbHqRv42r4,Respect,5W1XY5ucNATjTULERvXx9j,MAP OF THE SOUL : 7,17,237540,False,https://open.spotify.com/track/2yKBnKOmPXePrbHqRv42r4
133ocfbXXG4HTk76qgSeUb,We are Bulletproof : the Eternal,5W1XY5ucNATjTULERvXx9j,MAP OF THE SOUL : 7,18,261542,False,https://open.spotify.com/track/133ocfbXXG4HTk76qgSeUb
2LVw2bIK99go1NdD77dUCW,Outro : Ego,5W1XY5ucNATjTULERvXx9j,MAP OF THE SOUL : 7,19,196198,False,https://open.spotify.com/track/2LVw2bIK99go1NdD77dUCW
4JWbH50WabthGhmtduR8b9,ON (Feat. Sia),5W1XY5ucNATjTULERvXx9j,MAP OF THE SOUL : 7,20,246816,False,https://open.spotify.com/track/4JWbH50WabthGhmtduR8b9
2GXWzWPsYlTZcvVW8JIu69,Intro : Persona,2KqlAl1Kl5fZvbFgJ0qFB6,MAP OF THE SOUL : PERSONA,1,171023,False,https://open.spotify.com/track/2GXWzWPsYlTZcvVW8JIu69
4a9tbd947vo9K8Vti9JwcI,Boy With Luv (feat. Halsey),2KqlAl1Kl5fZvbFgJ0qFB6,MAP OF THE SOUL : PERSONA,2,229773,False,https://open.spotify.com/track/4a9tbd947vo9K8Vti9JwcI
0jSccBRnhNU4KtACMQPvco,Mikrokosmos,2KqlAl1Kl5fZvbFgJ0qFB6,MAP OF THE SOUL : PERSONA,3,224225,False,https://open.spotify.com/track/0jSccBRnhNU4KtACMQPvco
3LSjYk6sFQaLi0MjtWcm8P,Make It Right,2KqlAl1Kl5fZvbFgJ0qFB6,MAP OF THE SOUL : PERSONA,4,226321,False,https://open.spotify.com/track/3LSjYk6sFQaLi0MjtWcm8P
6Yc3tjFCVR2bfAQFRTZBef,HOME,2KqlAl1Kl5fZvbFgJ0qFB6,MAP OF THE SOUL : PERSONA,5,234177,False,https://open.spotify.com/track/6Yc3tjFCVR2bfAQFRTZBef
7cgWWkpUaS94xoWI8lMGiI,Jamais Vu,2KqlAl1Kl5fZvbFgJ0qFB6,MAP OF THE SOUL : PERSONA,6,227275,False,https://open.spotify.com/track/7cgWWkpUaS94xoWI8lMGiI
2Wkm4JBcIV2uSuu4qlbqFN,Dionysus,2KqlAl1Kl5fZvbFgJ0qFB6,MAP OF THE SOUL : PERSONA,7,249215,False,https://open.spotify.com/track/2Wkm4JBcIV2uSuu4qlbqFN
5YMXGBD6vcYP7IolemyLtK,Euphoria,43wFM1HquliY3iwKWzPN4y,Love Yourself 結 'Answer',1,228615,False,https://open.spotify.com/track/5YMXGBD6vcYP7IolemyLtK
4YDHRtzm0OGuieCTVQjVuk,Trivia 起 : Just Dance,43wFM1HquliY3iwKWzPN4y,Love Yourself 結 'Answer',2,225220,False,https://open.spotify.com/track/4YDHRtzm0OGuieCTVQjVuk
1dS4l6xmdgEhCZTAhdOm4N,Serendipity (Full Length Edition),43wFM1HquliY3iwKWzPN4y,Love Yourself 結 'Answer',3,276707,False,https://open.spotify.com/track/1dS4l6xmdgEhCZTAhdOm4N
2ngmiq1KoYn3x25VOmvd8F,DNA,43wFM1HquliY3iwKWzPN4y,Love Yourself 結 'Answer',4,223122,False,https://open.spotify.com/track/2ngmiq1KoYn3x25VOmvd8F
1rLkzFZdokhx6Wcs80uvnw,Dimple,43wFM1HquliY3iwKWzPN4y,Love Yourself 結 'Answer',5,196776,False,https://open.spotify.com/track/1rLkzFZdokhx6Wcs80uvnw
6bSwpQYEguyMlkCoWiBt3Y,Trivia 承 : Love,43wFM1HquliY3iwKWzPN4y,Love Yourself 結 'Answer',6,225697,False,https://open.spotify.com/track/6bSwpQYEguyMlkCoWiBt3Y
6FHVHycPPTQp6aAHjLhzFT,Her,43wFM1HquliY3iwKWzPN4y,Love Yourself 結 'Answer',7,228612,False,https://open.spotify.com/track/6FHVHycPPTQp6aAHjLhzFT
2ApfJvLr7RbhJl6NOVhEu6,Singularity,43wFM1HquliY3iwKWzPN4y,Love Yourself 結 'Answer',8,196998,False,https://open.spotify.com/track/2ApfJvLr7RbhJl6NOVhEu6
6a0gRYXKK0YU69cXaB2RrK,FAKE LOVE,43wFM1HquliY3iwKWzPN4y,Love Yourself 結 'Answer',9,242333,False,https://open.spotify.com/track/6a0gRYXKK0YU69cXaB2RrK
4eP8Syl3aBEQw3Jy5Bhq0D,The Truth Untold,43wFM1HquliY3iwKWzPN4y,Love Yourself 結 'Answer',10,242292,False,https://open.spotify.com/track/4eP8Syl3aBEQw3Jy5Bhq0D
0mZI1NpihIVcho2f9MmqSW,Trivia 轉 : Seesaw,43wFM1HquliY3iwKWzPN4y,Love Yourself 結 'Answer',11,246334,False,https://open.spotify.com/track/0mZI1NpihIVcho2f9MmqSW
3smbno1dKL410vC27M5KOS,Tear,43wFM1HquliY3iwKWzPN4y,Love Yourself 結 'Answer',12,284980,False,https://open.spotify.com/track/3smbno1dKL410vC27M5KOS
6L88EH68XwlaXwvChlTS41,Epiphany,43wFM1HquliY3iwKWzPN4y,Love Yourself 結 'Answer',13,240361,False,https://open.spotify.com/track/6L88EH68XwlaXwvChlTS41
7HYJqAMbKDJYRyEfUGOCBB,I'm Fine,43wFM1HquliY3iwKWzPN4y,Love Yourself 結 'Answer',14,240339,False,https://open.spotify.com/track/7HYJqAMbKDJYRyEfUGOCBB
1e8J3XClxZbFmvIHLI8CE4,IDOL,43wFM1HquliY3iwKWzPN4y,Love Yourself 結 'Answer',15,222732,False,https://open.spotify.com/track/1e8J3XClxZbFmvIHLI8CE4
2X3UgVLSA4wYriGIQyYmMA,Answer : Love Myself,43wFM1HquliY3iwKWzPN4y,Love Yourself 結 'Answer',16,251279,False,https://open.spotify.com/track/2X3UgVLSA4wYriGIQyYmMA
37nOpaUof3d4Xsmr6moAiI,Magic Shop,43wFM1HquliY3iwKWzPN4y,Love Yourself 結 'Answer',1,275695,False,https://open.spotify.com/track/37nOpaUof3d4Xsmr6moAiI
3xYfDSxJhRLDIb1fw71WTw,Best Of Me,43wFM1HquliY3iwKWzPN4y,Love Yourself 結 'Answer',2,227191,False,https://open.spotify.com/track/3xYfDSxJhRLDIb1fw71WTw
60nwvOMLA1uzLHz3CLp4Na,Airplane pt.2,43wFM1HquliY3iwKWzPN4y,Love Yourself 結 'Answer',3,218614,False,https://open.spotify.com/track/60nwvOMLA1uzLHz3CLp4Na
4kZoZfj7IBg8eo1JZ2vsGO,Go Go,43wFM1HquliY3iwKWzPN4y,Love Yourself 結 'Answer',4,235779,False,https://open.spotify.com/track/4kZoZfj7IBg8eo1JZ2vsGO
453W8V5Ynwn6Tr28KuOwsO,Anpanman,43wFM1HquliY3iwKWzPN4y,Love Yourself 結 'Answer',5,232966,False,https://open.spotify.com/track/453W8V5Ynwn6Tr28KuOwsO
0nUftNWYvNCWnjiyeujCR8,MIC Drop,43wFM1HquliY3iwKWzPN4y,Love Yourself 結 'Answer',6,238193,False,https://open.spotify.com/track/0nUftNWYvNCWnjiyeujCR8
0RFxljd297sk7sKm5ZDD5J,DNA (Pedal 2 LA Mix),43wFM1HquliY3iwKWzPN4y,Love Yourself 結 'Answer',7,247483,False,https://open.spotify.com/track/0RFxljd297sk7sKm5ZDD5J
1WjGvMbHE23jEipydV80Mu,FAKE LOVE (Rocking Vibe Mix),43wFM1HquliY3iwKWzPN4y,Love Yourself 結 'Answer',8,238494,False,https://open.spotify.com/track/1WjGvMbHE23jEipydV80Mu
01380RE6UfsPSdiUIwrCoH,MIC Drop (Steve Aoki Remix) (Full Length Edition),43wFM1HquliY3iwKWzPN4y,Love Yourself 結 'Answer',9,307675,False,https://open.spotify.com/track/01380RE6UfsPSdiUIwrCoH
54azQnjuDYDFfImXimGFsA,IDOL,43wFM1HquliY3iwKWzPN4y,Love Yourself 結 'Answer',10,260233,False,https://open.spotify.com/track/54azQnjuDYDFfImXimGFsA
5rNZsITjXf23iFkRA924FV,Intro: Singularity,4NIqCxqP9o8Tp6tGLBqd8O,Love Yourself 轉 'Tear',1,196998,False,https://open.spotify.com/track/5rNZsITjXf23iFkRA924FV
6m1TWFMeon7ai9XLOzdbiR,FAKE LOVE,4NIqCxqP9o8Tp6tGLBqd8O,Love Yourself 轉 'Tear',2,242333,False,https://open.spotify.com/track/6m1TWFMeon7ai9XLOzdbiR
7DEKa5Z7Cl8s3Y7imb88OM,The Truth Untold (feat. Steve Aoki),4NIqCxqP9o8Tp6tGLBqd8O,Love Yourself 轉 'Tear',3,242292,False,https://open.spotify.com/track/7DEKa5Z7Cl8s3Y7imb88OM
1MX0g22bQkr9HDVe37fLnN,134340,4NIqCxqP9o8Tp6tGLBqd8O,Love Yourself 轉 'Tear',4,230063,False,https://open.spotify.com/track/1MX0g22bQkr9HDVe37fLnN
1YO4xJXhh9A1Feg9k8xuy2,Paradise,4NIqCxqP9o8Tp6tGLBqd8O,Love Yourself 轉 'Tear',5,211223,False,https://open.spotify.com/track/1YO4xJXhh9A1Feg9k8xuy2
4ROdFnoZNn2RTmwct0cVpx,Love Maze,4NIqCxqP9o8Tp6tGLBqd8O,Love Yourself 轉 'Tear',6,221529,False,https://open.spotify.com/track/4ROdFnoZNn2RTmwct0cVpx
5MTGPkmiUuud9NkA0sl2nI,Magic Shop,4NIqCxqP9o8Tp6tGLBqd8O,Love Yourself 轉 'Tear',7,275695,False,https://open.spotify.com/track/5MTGPkmiUuud9NkA0sl2nI
4lAE47gj539h8R1yxPhhGG,Airplane pt.2,4NIqCxqP9o8Tp6tGLBqd8O,Love Yourself 轉 'Tear',8,218614,False,https://open.spotify.com/track/4lAE47gj539h8R1yxPhhGG
34OSqW5ULWxmCEMjJ1ZgVW,Anpanman,4NIqCxqP9o8Tp6tGLBqd8O,Love Yourself 轉 'Tear',9,232966,False,https://open.spotify.com/track/34OSqW5ULWxmCEMjJ1ZgVW
0wqqe8k13bJPxRt7FEmnwS,So What,4NIqCxqP9o8Tp6tGLBqd8O,Love Yourself 轉 'Tear',10,281520,False,https://open.spotify.com/track/0wqqe8k13bJPxRt7FEmnwS
27yKZtF7WLdmlLoW8qMssq,Outro: Tear,4NIqCxqP9o8Tp6tGLBqd8O,Love Yourself 轉 'Tear',11,284980,False,https://open.spotify.com/track/27yKZtF7WLdmlLoW8qMssq
3asJVXjbxNEOwPUL47wvcc,INTRO : Ringwanderung,66J1OXSaS3hBZASOV3el8t,FACE YOURSELF,1,86053,False,https://open.spotify.com/track/3asJVXjbxNEOwPUL47wvcc
6yGKx4J9UdMp7tcaGXWzDj,Best Of Me - Japanese ver.,66J1OXSaS3hBZASOV3el8t,FACE YOURSELF,2,227920,False,https://open.spotify.com/track/6yGKx4J9UdMp7tcaGXWzDj
6u1ILVDFXcmQGQGCA3h849,血、汗、涙 - Japanese ver.,66J1OXSaS3hBZASOV3el8t,FACE YOURSELF,3,216706,False,https://open.spotify.com/track/6u1ILVDFXcmQGQGCA3h849
4Bkh5uDlP14vneIoRG0umC,DNA - Japanese ver.,66J1OXSaS3hBZASOV3el8t,FACE YOURSELF,4,223706,False,https://open.spotify.com/track/4Bkh5uDlP14vneIoRG0umC
6aJj9OlLiZVagW8fd8ZtK3,Not Today - Japanese ver.,66J1OXSaS3hBZASOV3el8t,FACE YOURSELF,5,233880,False,https://open.spotify.com/track/6aJj9OlLiZVagW8fd8ZtK3
3N6te5xi59Ex4HudLKsgGS,MIC Drop - Japanese ver.,66J1OXSaS3hBZASOV3el8t,FACE YOURSELF,6,238226,False,https://open.spotify.com/track/3N6te5xi59Ex4HudLKsgGS
3zIG0WuI5RoJsFYnErkFDU,Don't Leave Me,66J1OXSaS3hBZASOV3el8t,FACE YOURSELF,7,227413,False,https://open.spotify.com/track/3zIG0WuI5RoJsFYnErkFDU
0YguyyCOTyujhSDXWyB4W3,Go Go - Japanese ver.,66J1OXSaS3hBZASOV3el8t,FACE YOURSELF,8,237306,False,https://open.spotify.com/track/0YguyyCOTyujhSDXWyB4W3
6NbfFVZ01Ttvvqmcok8DxL,Crystal Snow,66J1OXSaS3hBZASOV3el8t,FACE YOURSELF,9,323360,False,https://open.spotify.com/track/6NbfFVZ01Ttvvqmcok8DxL
4a8guR4owPEdDyLsPIC6HP,Spring Day - Japanese ver.,66J1OXSaS3hBZASOV3el8t,FACE YOURSELF,10,276840,False,https://open.spotify.com/track/4a8guR4owPEdDyLsPIC6HP
1OqDvYVDhJyFZny7XlfIyZ,Let Go,66J1OXSaS3hBZASOV3el8t,FACE YOURSELF,11,299706,False,https://open.spotify.com/track/1OqDvYVDhJyFZny7XlfIyZ
0qrPZ27AhOahJivGsDbUSS,OUTRO : Crack,66J1OXSaS3hBZASOV3el8t,FACE YOURSELF,12,74746,False,https://open.spotify.com/track/0qrPZ27AhOahJivGsDbUSS
61RvEx7GLYRHQhG7ldjJo1,Intro: Serendipity,07Rq17GzCnIdWJcyVHb57G,Love Yourself 承 'Her',1,139971,False,https://open.spotify.com/track/61RvEx7GLYRHQhG7ldjJo1
3uRLwBjI2TahxslcMTvpFs,DNA,07Rq17GzCnIdWJcyVHb57G,Love Yourself 承 'Her',2,223122,False,https://open.spotify.com/track/3uRLwBjI2TahxslcMTvpFs
5C6A1WXVfKvBBQmaFFnBgs,Best Of Me,07Rq17GzCnIdWJcyVHb57G,Love Yourself 承 'Her',3,227191,False,https://open.spotify.com/track/5C6A1WXVfKvBBQmaFFnBgs
6pp6xf9zS55GD4nr318XUH,dimple,07Rq17GzCnIdWJcyVHb57G,Love Yourself 承 'Her',4,196776,False,https://open.spotify.com/track/6pp6xf9zS55GD4nr318XUH
1ZPeaPDjQOOC8hw1mNjyjF,Pied Piper,07Rq17GzCnIdWJcyVHb57G,Love Yourself 承 'Her',5,245620,False,https://open.spotify.com/track/1ZPeaPDjQOOC8hw1mNjyjF
6OeYM2861GaP3D1pbBqmbp,Skit: Billboard Music Awards Speech,07Rq17GzCnIdWJcyVHb57G,Love Yourself 承 'Her',6,107062,False,https://open.spotify.com/track/6OeYM2861GaP3D1pbBqmbp
4gZGAVECoiutzp64KSHNjE,MIC Drop,07Rq17GzCnIdWJcyVHb57G,Love Yourself 承 'Her',7,238193,False,https://open.spotify.com/track/4gZGAVECoiutzp64KSHNjE
5vOT8VO87TAnUjh0oADwb1,Go Go,07Rq17GzCnIdWJcyVHb57G,Love Yourself 承 'Her',8,235779,False,https://open.spotify.com/track/5vOT8VO87TAnUjh0oADwb1
559U79ujLJSP6OUyH2nGLl,Outro: Her,07Rq17GzCnIdWJcyVHb57G,Love Yourself 承 'Her',9,228612,False,https://open.spotify.com/track/559U79ujLJSP6OUyH2nGLl
2j9ipQhjMruvvqN2azJgtF,Intro: Boy Meets Evil,6THpewjqJ15ORBJkh5CEYb,You Never Walk Alone,1,121770,False,https://open.spotify.com/track/2j9ipQhjMruvvqN2azJgtF
0Yqr9qtmhjYPUtsFB04g9R,Blood Sweat & Tears,6THpewjqJ15ORBJkh5CEYb,You Never Walk Alone,2,217051,False,https://open.spotify.com/track/0Yqr9qtmhjYPUtsFB04g9R
0Q2rXWKozTyewEaVUkFhmA,Begin,6THpewjqJ15ORBJkh5CEYb,You Never Walk Alone,3,229740,False,https://open.spotify.com/track/0Q2rXWKozTyewEaVUkFhmA
66N38jZOApS3dGhy8ijBVV,Lie,6THpewjqJ15ORBJkh5CEYb,You Never Walk Alone,4,215752,False,https://open.spotify.com/track/66N38jZOApS3dGhy8ijBVV
5grRCOfgYUpsGHsDHl4K1Y,Stigma,6THpewjqJ15ORBJkh5CEYb,You Never Walk Alone,5,216063,False,https://open.spotify.com/track/5grRCOfgYUpsGHsDHl4K1Y
474dlSQ6pirpzcSf58cZOF,First Love,6THpewjqJ15ORBJkh5CEYb,You Never Walk Alone,6,189795,False,https://open.spotify.com/track/474dlSQ6pirpzcSf58cZOF
7MtCKC1shCaN0eaZoEd8yF,Reflection,6THpewjqJ15ORBJkh5CEYb,You Never Walk Alone,7,233917,False,https://open.spotify.com/track/7MtCKC1shCaN0eaZoEd8yF
25TIeoVFG1QKdMppHdjNq0,MAMA,6THpewjqJ15ORBJkh5CEYb,You Never Walk Alone,8,212275,False,https://open.spotify.com/track/25TIeoVFG1QKdMppHdjNq0
1GZ4rjIbktlYy1n7zmyCmq,Awake,6THpewjqJ15ORBJkh5CEYb,You Never Walk Alone,9,226160,False,https://open.spotify.com/track/1GZ4rjIbktlYy1n7zmyCmq
6aDhj6RxOvQ4GFo9U7lZYi,Lost,6THpewjqJ15ORBJkh5CEYb,You Never Walk Alone,10,241787,False,https://open.spotify.com/track/6aDhj6RxOvQ4GFo9U7lZYi
5tLC6mhPAWJ2s2Wr4A6qHX,BTS Cypher 4,6THpewjqJ15ORBJkh5CEYb,You Never Walk Alone,11,294463,False,https://open.spotify.com/track/5tLC6mhPAWJ2s2Wr4A6qHX
6u6d06X2GzZ9AjPrh14MJH,Am I Wrong,6THpewjqJ15ORBJkh5CEYb,You Never Walk Alone,12,213082,False,https://open.spotify.com/track/6u6d06X2GzZ9AjPrh14MJH
6GxNA9J3P70amAXKUPghid,21st Century Girl,6THpewjqJ15ORBJkh5CEYb,You Never Walk Alone,13,192596,False,https://open.spotify.com/track/6GxNA9J3P70amAXKUPghid
0G1Y5QG8wULxMzm45vqPIZ,2! 3!,6THpewjqJ15ORBJkh5CEYb,You Never Walk Alone,14,272537,False,https://open.spotify.com/track/0G1Y5QG8wULxMzm45vqPIZ
2j1fFjWHCI9KJSwcuYAOyF,Spring Day,6THpewjqJ15ORBJkh5CEYb,You Never Walk Alone,15,274097,False,https://open.spotify.com/track/2j1fFjWHCI9KJSwcuYAOyF
3wyrhwPpV8uhMMEms4vG3X,Not Today,6THpewjqJ15ORBJkh5CEYb,You Never Walk Alone,16,231859,False,https://open.spotify.com/track/3wyrhwPpV8uhMMEms4vG3X
7kyUapJyppdjzoAWB6XS14,Outro: Wings,6THpewjqJ15ORBJkh5CEYb,You Never Walk Alone,17,225446,False,https://open.spotify.com/track/7kyUapJyppdjzoAWB6XS14
2ZbYyDM0pacTwP2odNsdlo,A Supplementary Story: You Never Walk Alone,6THpewjqJ15ORBJkh5CEYb,You Never Walk Alone,18,156060,False,https://open.spotify.com/track/2ZbYyDM0pacTwP2odNsdlo
1hlT8F0X27uf3fpOWawjbY,Intro: Boy Meets Evil,1vhNGBTFoaSTLbHjPGFIlF,Wings,1,121770,False,https://open.spotify.com/track/1hlT8F0X27uf3fpOWawjbY
2u54HNQamwFuOMLSuhSRom,Blood Sweat & Tears,1vhNGBTFoaSTLbHjPGFIlF,Wings,2,217051,False,https://open.spotify.com/track/2u54HNQamwFuOMLSuhSRom
0bGJHUPR6ems9tzIljlPFR,Begin,1vhNGBTFoaSTLbHjPGFIlF,Wings,3,229740,False,https://open.spotify.com/track/0bGJHUPR6ems9tzIljlPFR
1nWB8isqs2tviWk20G5pow,Lie,1vhNGBTFoaSTLbHjPGFIlF,Wings,4,215752,False,https://open.spotify.com/track/1nWB8isqs2tviWk20G5pow
3LTwMQ9kkn5VVhP3jipBlR,Stigma,1vhNGBTFoaSTLbHjPGFIlF,Wings,5,216063,False,https://open.spotify.com/track/3LTwMQ9kkn5VVhP3jipBlR
1UeVC9gDeHxwlWOQyQJerj,First Love,1vhNGBTFoaSTLbHjPGFIlF,Wings,6,189795,False,https://open.spotify.com/track/1UeVC9gDeHxwlWOQyQJerj
6O7358UPKsUumzjumFxVtp,Reflection,1vhNGBTFoaSTLbHjPGFIlF,Wings,7,233917,False,https://open.spotify.com/track/6O7358UPKsUumzjumFxVtp
51hIGgLnT8s6gEzjVqKlEF,MAMA,1vhNGBTFoaSTLbHjPGFIlF,Wings,8,212275,False,https://open.spotify.com/track/51hIGgLnT8s6gEzjVqKlEF
3gxNkvcP8scSzL6mGznTn3,Awake,1vhNGBTFoaSTLbHjPGFIlF,Wings,9,226160,False,https://open.spotify.com/track/3gxNkvcP8scSzL6mGznTn3
2So2zLatKtnIP0cy3a4Fn0,Lost,1vhNGBTFoaSTLbHjPGFIlF,Wings,10,241787,False,https://open.spotify.com/track/2So2zLatKtnIP0cy3a4Fn0
4cTSnpyaIR1qGaTOLJunDM,BTS Cypher 4,1vhNGBTFoaSTLbHjPGFIlF,Wings,11,294463,False,https://open.spotify.com/track/4cTSnpyaIR1qGaTOLJunDM
7BFVLQASwcGrxEPsz1teIW,Am I Wrong,1vhNGBTFoaSTLbHjPGFIlF,Wings,12,213082,False,https://open.spotify.com/track/7BFVLQASwcGrxEPsz1teIW
52d5NT69mkmr6WzvQJ9vHr,21st Century Girl,1vhNGBTFoaSTLbHjPGFIlF,Wings,13,192596,False,https://open.spotify.com/track/52d5NT69mkmr6WzvQJ9vHr
3KVOfGrYVjoP1w8T2HVltm,2! 3!,1vhNGBTFoaSTLbHjPGFIlF,Wings,14,272537,False,https://open.spotify.com/track/3KVOfGrYVjoP1w8T2HVltm
6dNOlenVY8vp29pkMZOd7c,Interlude: Wings,1vhNGBTFoaSTLbHjPGFIlF,Wings,15,144313,False,https://open.spotify.com/track/6dNOlenVY8vp29pkMZOd7c
5KLKbUVfdHOTCDybf61LEW,Introduction : Youth,442zUwKHCTO47XPF7cUSqY,Youth,1,138973,False,https://open.spotify.com/track/5KLKbUVfdHOTCDybf61LEW
0z9xZhi7E8M6JDTL5AvqKh,Run - Japanese Ver.,442zUwKHCTO47XPF7cUSqY,Youth,2,237920,False,https://open.spotify.com/track/0z9xZhi7E8M6JDTL5AvqKh
37T5IYyhKNow16Rf2eohTt,Fire - Japanese Ver.,442zUwKHCTO47XPF7cUSqY,Youth,3,205373,False,https://open.spotify.com/track/37T5IYyhKNow16Rf2eohTt
1BGpj3UnDSB5TPPw1XYi2g,Dope - Chou Yabee! - - Japanese Ver.,442zUwKHCTO47XPF7cUSqY,Youth,4,241973,False,https://open.spotify.com/track/1BGpj3UnDSB5TPPw1XYi2g
2aTDPjGFdyBfc3lKLAAaoI,Good Day,442zUwKHCTO47XPF7cUSqY,Youth,5,267506,False,https://open.spotify.com/track/2aTDPjGFdyBfc3lKLAAaoI
3ynWDFCcw9CXngKnxoVIfj,Save Me - Japanese Ver.,442zUwKHCTO47XPF7cUSqY,Youth,6,199666,False,https://open.spotify.com/track/3ynWDFCcw9CXngKnxoVIfj
5mONT68829wu4YdMajlTgM,Funtan Syounendan - Japanese Ver.,442zUwKHCTO47XPF7cUSqY,Youth,7,245880,False,https://open.spotify.com/track/5mONT68829wu4YdMajlTgM
7jv4hEfdRuXKpex8uZBKtE,Peppuse - Japanese Ver.,442zUwKHCTO47XPF7cUSqY,Youth,8,236293,False,https://open.spotify.com/track/7jv4hEfdRuXKpex8uZBKtE
3UvbL9zd4XTsCL8O6Qp2bR,Wishing On A Star,442zUwKHCTO47XPF7cUSqY,Youth,9,271760,False,https://open.spotify.com/track/3UvbL9zd4XTsCL8O6Qp2bR
5jTNR1Mqi0wLYniACLTmMo,Butterfly - Japanese Ver.,442zUwKHCTO47XPF7cUSqY,Youth,10,240680,False,https://open.spotify.com/track/5jTNR1Mqi0wLYniACLTmMo
2offgVA6h500KKIvUYU5kP,For You,442zUwKHCTO47XPF7cUSqY,Youth,11,284586,False,https://open.spotify.com/track/2offgVA6h500KKIvUYU5kP
6VcJUprKUPI1jgsQ78MJrO,I Need U - Japanese Ver.,442zUwKHCTO47XPF7cUSqY,Youth,12,212200,False,https://open.spotify.com/track/6VcJUprKUPI1jgsQ78MJrO
0FHsHpMfgHnh8HIE1qCwoI,Epilogue : Young Forever - Japanese Ver.,442zUwKHCTO47XPF7cUSqY,Youth,13,173346,False,https://open.spotify.com/track/0FHsHpMfgHnh8HIE1qCwoI
2C4AmTAKoJQgfMDXFasXcY,Intro: The Most Beautiful Moment in Life,1k5bJ8l5oL5xxVBVHjil09,The Most Beautiful Moment in Life: Young Forever,1,124738,False,https://open.spotify.com/track/2C4AmTAKoJQgfMDXFasXcY
6EWoLZ6n26bF3Cl9Hq3pqv,I Need U,1k5bJ8l5oL5xxVBVHjil09,The Most Beautiful Moment in Life: Young Forever,2,210577,False,https://open.spotify.com/track/6EWoLZ6n26bF3Cl9Hq3pqv
7gnIQ7K1TBbIvhVrR4c4gI,Hold Me Tight,1k5bJ8l5oL5xxVBVHjil09,The Most Beautiful Moment in Life: Young Forever,3,273992,False,https://open.spotify.com/track/7gnIQ7K1TBbIvhVrR4c4gI
0S6rA2IKknGGsyZNEkwRJB,Autumn Leaves,1k5bJ8l5oL5xxVBVHjil09,The Most Beautiful Moment in Life: Young Forever,4,267150,False,https://open.spotify.com/track/0S6rA2IKknGGsyZNEkwRJB
0XwvxY5yMRI7vh55eBRe3B,Butterfly (Prologue Mix),1k5bJ8l5oL5xxVBVHjil09,The Most Beautiful Moment in Life: Young Forever,5,295127,False,https://open.spotify.com/track/0XwvxY5yMRI7vh55eBRe3B
0RElgFnZjIZ0hLlO4WY14R,Run,1k5bJ8l5oL5xxVBVHjil09,The Most Beautiful Moment in Life: Young Forever,6,236334,False,https://open.spotify.com/track/0RElgFnZjIZ0hLlO4WY14R
612T32kWgsXgsJ5gl8KXpN,Ma City,1k5bJ8l5oL5xxVBVHjil09,The Most Beautiful Moment in Life: Young Forever,7,256838,False,https://open.spotify.com/track/612T32kWgsXgsJ5gl8KXpN
5PRJlVG1c2JNa85mFoGARM,Silver Spoon,1k5bJ8l5oL5xxVBVHjil09,The Most Beautiful Moment in Life: Young Forever,8,233184,False,https://open.spotify.com/track/5PRJlVG1c2JNa85mFoGARM
4o3Ao6wY5fbJR32fQKabfQ,Dope,1k5bJ8l5oL5xxVBVHjil09,The Most Beautiful Moment in Life: Young Forever,9,240020,False,https://open.spotify.com/track/4o3Ao6wY5fbJR32fQKabfQ
0aE3V0zgSD2YwkEHW42gxG,Burning Up (Fire),1k5bJ8l5oL5xxVBVHjil09,The Most Beautiful Moment in Life: Young Forever,10,203351,False,https://open.spotify.com/track/0aE3V0zgSD2YwkEHW42gxG
7bxGcILuAjkZzaveU28ZJS,Save Me,1k5bJ8l5oL5xxVBVHjil09,The Most Beautiful Moment in Life: Young Forever,11,196505,False,https://open.spotify.com/track/7bxGcILuAjkZzaveU28ZJS
6BskTMfDjXVzeqQHOau5Vi,Epilogue: Young Forever,1k5bJ8l5oL5xxVBVHjil09,The Most Beautiful Moment in Life: Young Forever,12,171803,False,https://open.spotify.com/track/6BskTMfDjXVzeqQHOau5Vi
4XtvJ78i5yI5QigVHuxWZt,Converse High,1k5bJ8l5oL5xxVBVHjil09,The Most Beautiful Moment in Life: Young Forever,1,210221,False,https://open.spotify.com/track/4XtvJ78i5yI5QigVHuxWZt
7j8YcE2SKZoLkeLL0qMvkH,Moving On,1k5bJ8l5oL5xxVBVHjil09,The Most Beautiful Moment in Life: Young Forever,2,292519,False,https://open.spotify.com/track/7j8YcE2SKZoLkeLL0qMvkH
2HMVg8AqrijDGKu0U5bVNH,Whalien 52,1k5bJ8l5oL5xxVBVHjil09,The Most Beautiful Moment in Life: Young Forever,3,243552,False,https://open.spotify.com/track/2HMVg8AqrijDGKu0U5bVNH
2QP1vvLPtAVOVAFabpqypA,Butterfly,1k5bJ8l5oL5xxVBVHjil09,The Most Beautiful Moment in Life: Young Forever,4,240090,False,https://open.spotify.com/track/2QP1vvLPtAVOVAFabpqypA
6S2gYweMmT6xygVh5q3QLa,House of Cards (Full Length Edition),1k5bJ8l5oL5xxVBVHjil09,The Most Beautiful Moment in Life: Young Forever,5,226212,False,https://open.spotify.com/track/6S2gYweMmT6xygVh5q3QLa
12MGUs7yIus6sU09ekZMjw,Love Is Not Over (Full Length Edition),1k5bJ8l5oL5xxVBVHjil09,The Most Beautiful Moment in Life: Young Forever,6,221619,False,https://open.spotify.com/track/12MGUs7yIus6sU09ekZMjw
0avGJHXsqHQfFloHTCbcwb,I Need U (Urban Mix),1k5bJ8l5oL5xxVBVHjil09,The Most Beautiful Moment in Life: Young Forever,7,215189,False,https://open.spotify.com/track/0avGJHXsqHQfFloHTCbcwb
4pzjU0AnZa6Vfphk292e9Q,I Need U (Remix),1k5bJ8l5oL5xxVBVHjil09,The Most Beautiful Moment in Life: Young Forever,8,223012,False,https://open.spotify.com/track/4pzjU0AnZa6Vfphk292e9Q
4NNpKLaoOEeYi78vQDb3lB,Run (Ballad Mix),1k5bJ8l5oL5xxVBVHjil09,The Most Beautiful Moment in Life: Young Forever,9,257000,False,https://open.spotify.com/track/4NNpKLaoOEeYi78vQDb3lB
4ou8XX6AM0XFVjWFuzllWP,Run (Alternative Mix),1k5bJ8l5oL5xxVBVHjil09,The Most Beautiful Moment in Life: Young Forever,10,236437,False,https://open.spotify.com/track/4ou8XX6AM0XFVjWFuzllWP
0G0UoEFLum7ZPJxbmMbhPf,Butterfly (Alternative Mix),1k5bJ8l5oL5xxVBVHjil09,The Most Beautiful Moment in Life: Young Forever,11,241144,False,https://open.spotify.com/track/0G0UoEFLum7ZPJxbmMbhPf
6JbPyMiLnWaaKusic64bCq,Intro: Never Mind,2ds8iT4wkaN1Q1gZe1qcOD,The Most Beautiful Moment in Life Pt.2,1,136428,True,https://open.spotify.com/track/6JbPyMiLnWaaKusic64bCq
3G1aAxWS2Nd17FQs4PWV6X,Run,2ds8iT4wkaN1Q1gZe1qcOD,The Most Beautiful Moment in Life Pt.2,2,236748,False,https://open.spotify.com/track/3G1aAxWS2Nd17FQs4PWV6X
3bjg5cbmuwDoS7e2dAWyRG,Butterfly,2ds8iT4wkaN1Q1gZe1qcOD,The Most Beautiful Moment in Life Pt.2,3,238861,False,https://open.spotify.com/track/3bjg5cbmuwDoS7e2dAWyRG
1otHp4s8IRCLn1JZcVrNhz,Whalien 52,2ds8iT4wkaN1Q1gZe1qcOD,The Most Beautiful Moment in Life Pt.2,4,243222,False,https://open.spotify.com/track/1otHp4s8IRCLn1JZcVrNhz
2wm3oZ5IzWz5tVyo3gFIJq,Ma City,2ds8iT4wkaN1Q1gZe1qcOD,The Most Beautiful Moment in Life Pt.2,5,256686,False,https://open.spotify.com/track/2wm3oZ5IzWz5tVyo3gFIJq
6O734u9qnz6B4gWMyszWhi,Silver Spoon,2ds8iT4wkaN1Q1gZe1qcOD,The Most Beautiful Moment in Life Pt.2,6,233160,False,https://open.spotify.com/track/6O734u9qnz6B4gWMyszWhi
0DaHIESJEC4d0RRpwbgcau,Skit: One Night in a Strange City,2ds8iT4wkaN1Q1gZe1qcOD,The Most Beautiful Moment in Life Pt.2,7,263129,False,https://open.spotify.com/track/0DaHIESJEC4d0RRpwbgcau
158kubraiqKrcYpRsDHrBU,Autumn Leaves,2ds8iT4wkaN1Q1gZe1qcOD,The Most Beautiful Moment in Life Pt.2,8,267150,False,https://open.spotify.com/track/158kubraiqKrcYpRsDHrBU
2cy3eWaTBoOFJwtFMR6jKb,Outro: House of Cards,2ds8iT4wkaN1Q1gZe1qcOD,The Most Beautiful Moment in Life Pt.2,9,177413,False,https://open.spotify.com/track/2cy3eWaTBoOFJwtFMR6jKb
7HhZAKSvFWz4bT5jsZLPeq,Intro: The Most Beautiful Moment in Life,0mEeCuKJQ8Xh9tQ5dMm89X,The Most Beautiful Moment in Life Pt.1,1,123033,False,https://open.spotify.com/track/7HhZAKSvFWz4bT5jsZLPeq
3wQnyXNFXNUEOBt1pb4urq,I Need U,0mEeCuKJQ8Xh9tQ5dMm89X,The Most Beautiful Moment in Life Pt.1,2,210986,False,https://open.spotify.com/track/3wQnyXNFXNUEOBt1pb4urq
2SKBwYW23iHoB7CrYSeyC9,Hold Me Tight,0mEeCuKJQ8Xh9tQ5dMm89X,The Most Beautiful Moment in Life Pt.1,3,274991,False,https://open.spotify.com/track/2SKBwYW23iHoB7CrYSeyC9
2giNwwft9s8E5Or8N0olgc,Skit: Expectation!,0mEeCuKJQ8Xh9tQ5dMm89X,The Most Beautiful Moment in Life Pt.1,4,147693,False,https://open.spotify.com/track/2giNwwft9s8E5Or8N0olgc
7jPCPDYoiaKeK7cgNGpIzq,Dope,0mEeCuKJQ8Xh9tQ5dMm89X,The Most Beautiful Moment in Life Pt.1,5,240020,False,https://open.spotify.com/track/7jPCPDYoiaKeK7cgNGpIzq
1sz4drpDPpHVrPUgnXGaNn,Boyz with Fun,0mEeCuKJQ8Xh9tQ5dMm89X,The Most Beautiful Moment in Life Pt.1,6,244156,False,https://open.spotify.com/track/1sz4drpDPpHVrPUgnXGaNn
6ZITsss1URNOIKhniylpBP,Converse High,0mEeCuKJQ8Xh9tQ5dMm89X,The Most Beautiful Moment in Life Pt.1,7,209715,False,https://open.spotify.com/track/6ZITsss1URNOIKhniylpBP
0jo4304s0u51JHHCv7it9K,Moving On,0mEeCuKJQ8Xh9tQ5dMm89X,The Most Beautiful Moment in Life Pt.1,8,292569,False,https://open.spotify.com/track/0jo4304s0u51JHHCv7it9K
0hwev90tfswBoZmgKnJ9F8,Outro: Love Is Not Over,0mEeCuKJQ8Xh9tQ5dMm89X,The Most Beautiful Moment in Life Pt.1,9,143862,False,https://open.spotify.com/track/0hwev90tfswBoZmgKnJ9F8
3H3i1F0msbZ30iZMYaQ4rN,Intro.,2bXp5bEM5sgZdIznTesQZb,Wake Up (Standard Edition),1,75080,False,https://open.spotify.com/track/3H3i1F0msbZ30iZMYaQ4rN
1PfGlo5nWnbBxfQyY2rxYk,The Stars,2bXp5bEM5sgZdIznTesQZb,Wake Up (Standard Edition),2,255320,False,https://open.spotify.com/track/1PfGlo5nWnbBxfQyY2rxYk
0S4NYIxuQlDqMCF8NK6xIj,Jump - Japanese Ver.,2bXp5bEM5sgZdIznTesQZb,Wake Up (Standard Edition),3,237200,False,https://open.spotify.com/track/0S4NYIxuQlDqMCF8NK6xIj
6ri9BvvODhRDVWcxL0gIqo,Danger - Japanese Ver.,2bXp5bEM5sgZdIznTesQZb,Wake Up (Standard Edition),4,247626,False,https://open.spotify.com/track/6ri9BvvODhRDVWcxL0gIqo
73JwJ9XG3VIeKQqM5emJRC,Boy In Luv - Japanese Ver.,2bXp5bEM5sgZdIznTesQZb,Wake Up (Standard Edition),5,232506,False,https://open.spotify.com/track/73JwJ9XG3VIeKQqM5emJRC
5JZbs20da6C4DfsPkyR0X0,Just One Day - Japanese Ver.,2bXp5bEM5sgZdIznTesQZb,Wake Up (Standard Edition),6,333546,False,https://open.spotify.com/track/5JZbs20da6C4DfsPkyR0X0
5lMu1penXwmhLWp82YwTpa,Iine!,2bXp5bEM5sgZdIznTesQZb,Wake Up (Standard Edition),7,232466,False,https://open.spotify.com/track/5lMu1penXwmhLWp82YwTpa
5ajpyr32JgFtvW0nzvgva4,Iine!Pt.2 - Ano Bashode -,2bXp5bEM5sgZdIznTesQZb,Wake Up (Standard Edition),8,235466,False,https://open.spotify.com/track/5ajpyr32JgFtvW0nzvgva4
5S2WCxjmcTWbYvzy9a4bZI,No More Dream - Japanese Ver.,2bXp5bEM5sgZdIznTesQZb,Wake Up (Standard Edition),9,222040,False,https://open.spotify.com/track/5S2WCxjmcTWbYvzy9a4bZI
520RVfXbHZiQC3jmzoOack,Shingeki no Boudan - Japanese Ver.,2bXp5bEM5sgZdIznTesQZb,Wake Up (Standard Edition),10,247946,False,https://open.spotify.com/track/520RVfXbHZiQC3jmzoOack
1IHuda3tsgQk4anyfLxHEz,N.O - Japanese Ver.,2bXp5bEM5sgZdIznTesQZb,Wake Up (Standard Edition),11,211720,False,https://open.spotify.com/track/1IHuda3tsgQk4anyfLxHEz
7gLRRcl3qKKpDlt0gApSAJ,Wake Up,2bXp5bEM5sgZdIznTesQZb,Wake Up (Standard Edition),12,352133,False,https://open.spotify.com/track/7gLRRcl3qKKpDlt0gApSAJ
0KFNlFyyYU3i4JRhNR0V14,Outro.,2bXp5bEM5sgZdIznTesQZb,Wake Up (Standard Edition),13,96493,False,https://open.spotify.com/track/0KFNlFyyYU3i4JRhNR0V14
3HhgGvmDKx13uRTkXYfcDw,Intro: What Am I to You,35voVqYGkotyJ945O9egDY,Dark & Wild,1,165121,False,https://open.spotify.com/track/3HhgGvmDKx13uRTkXYfcDw
0zzRxtfO5FGxKdqq4OKmlw,Danger,35voVqYGkotyJ945O9egDY,Dark & Wild,2,245140,False,https://open.spotify.com/track/0zzRxtfO5FGxKdqq4OKmlw
29SjtKzBoJDgyIBusHylIS,War of Hormone,35voVqYGkotyJ945O9egDY,Dark & Wild,3,265602,False,https://open.spotify.com/track/29SjtKzBoJDgyIBusHylIS
4c9XojqJDu7KNCh8GmNbj5,Hip Hop Phile,35voVqYGkotyJ945O9egDY,Dark & Wild,4,257299,False,https://open.spotify.com/track/4c9XojqJDu7KNCh8GmNbj5
2uqzfXB7NlBnhQd04W7HaH,Let Me Know,35voVqYGkotyJ945O9egDY,Dark & Wild,5,254973,False,https://open.spotify.com/track/2uqzfXB7NlBnhQd04W7HaH
6Jr2GutTFyfvAzGA36R2Uj,Rain,35voVqYGkotyJ945O9egDY,Dark & Wild,6,264666,False,https://open.spotify.com/track/6Jr2GutTFyfvAzGA36R2Uj
5OlieB5VdsOMuBuCtllXGW,BTS Cypher Pt.3: Killer,35voVqYGkotyJ945O9egDY,Dark & Wild,7,267782,False,https://open.spotify.com/track/5OlieB5VdsOMuBuCtllXGW
6w5nte2isfv5QLImckFD8a,Interlude: What Are You Doing Now,35voVqYGkotyJ945O9egDY,Dark & Wild,8,41757,False,https://open.spotify.com/track/6w5nte2isfv5QLImckFD8a
022wInIMcMtWRqkcpy7WwO,Could You Turn off Your Cell Phone,35voVqYGkotyJ945O9egDY,Dark & Wild,9,234062,False,https://open.spotify.com/track/022wInIMcMtWRqkcpy7WwO
3eSPLTR9JtKiT1X4sAkTg8,Embarrassed,35voVqYGkotyJ945O9egDY,Dark & Wild,10,241761,False,https://open.spotify.com/track/3eSPLTR9JtKiT1X4sAkTg8
17SBD4aDKo9ZeahcQJ6j72,24/7=Heaven,35voVqYGkotyJ945O9egDY,Dark & Wild,11,226425,False,https://open.spotify.com/track/17SBD4aDKo9ZeahcQJ6j72
0x4cMbCLC6L7aJQs3EiPaZ,Look Here,35voVqYGkotyJ945O9egDY,Dark & Wild,12,218887,False,https://open.spotify.com/track/0x4cMbCLC6L7aJQs3EiPaZ
5EdwOTiD4Vz7xEoB7jt8En,So 4 more,35voVqYGkotyJ945O9egDY,Dark & Wild,13,235020,False,https://open.spotify.com/track/5EdwOTiD4Vz7xEoB7jt8En
0I4CicY6MftmDgdd76LXss,Outro: Do You Think It Makes Sense?,35voVqYGkotyJ945O9egDY,Dark & Wild,14,172658,False,https://open.spotify.com/track/0I4CicY6MftmDgdd76LXss
1ht2uYq91yLc9S6IxwiwCK,Miss Right,0pX41mddl0CZXxpxkQ7347,Skool Luv Affair (Special Addition),1,241374,False,https://open.spotify.com/track/1ht2uYq91yLc9S6IxwiwCK
5OXUwFDCnmT3eUWUYVRrk9,Like (Slow Jam Remix),0pX41mddl0CZXxpxkQ7347,Skool Luv Affair (Special Addition),2,232691,False,https://open.spotify.com/track/5OXUwFDCnmT3eUWUYVRrk9
5heidJi9Gni0QHhXStoimY,Intro: Skool Luv Affair,0pX41mddl0CZXxpxkQ7347,Skool Luv Affair (Special Addition),3,178282,False,https://open.spotify.com/track/5heidJi9Gni0QHhXStoimY
1wdWWC1YzKkCWp06e0IPqH,Boy in Luv,0pX41mddl0CZXxpxkQ7347,Skool Luv Affair (Special Addition),4,230778,False,https://open.spotify.com/track/1wdWWC1YzKkCWp06e0IPqH
7gP8B9DHYnZ7AynrVdhYbZ,Skit: Soulmate,0pX41mddl0CZXxpxkQ7347,Skool Luv Affair (Special Addition),5,92791,False,https://open.spotify.com/track/7gP8B9DHYnZ7AynrVdhYbZ
6gGCS5r2t5uxaeBWAPeBp2,Where You From,0pX41mddl0CZXxpxkQ7347,Skool Luv Affair (Special Addition),6,240106,False,https://open.spotify.com/track/6gGCS5r2t5uxaeBWAPeBp2
5oXLcjfVfq0QxIfgIHgYGn,Just One Day,0pX41mddl0CZXxpxkQ7347,Skool Luv Affair (Special Addition),7,239469,False,https://open.spotify.com/track/5oXLcjfVfq0QxIfgIHgYGn
1LdpcTZm0Of4Nq0FsbREKO,Tomorrow,0pX41mddl0CZXxpxkQ7347,Skool Luv Affair (Special Addition),8,261574,False,https://open.spotify.com/track/1LdpcTZm0Of4Nq0FsbREKO
1EzaBJk1rcT3ukKRPko1s4,BTS Cypher Pt.2: Triptych,0pX41mddl0CZXxpxkQ7347,Skool Luv Affair (Special Addition),9,288771,False,https://open.spotify.com/track/1EzaBJk1rcT3ukKRPko1s4
1srYOWykolKZnA6SAN1GiA,Spine Breaker,0pX41mddl0CZXxpxkQ7347,Skool Luv Affair (Special Addition),10,238529,False,https://open.spotify.com/track/1srYOWykolKZnA6SAN1GiA
6bv8GUc337blg2QcskhdAJ,Jump,0pX41mddl0CZXxpxkQ7347,Skool Luv Affair (Special Addition),11,236488,False,https://open.spotify.com/track/6bv8GUc337blg2QcskhdAJ
7EW03rmUEfPIFSxuzZQsgA,Outro: Propose,0pX41mddl0CZXxpxkQ7347,Skool Luv Affair (Special Addition),12,122513,False,https://open.spotify.com/track/7EW03rmUEfPIFSxuzZQsgA
7vG0yTvfZZtQ4DoSyy5a61,Intro: Skool Luv Affair,5r35iS0uSSoQBKzQj0IeI3,Skool Luv Affair,1,178282,False,https://open.spotify.com/track/7vG0yTvfZZtQ4DoSyy5a61
3FnDv33WrrMtuEr7hNR3ev,Boy in Luv,5r35iS0uSSoQBKzQj0IeI3,Skool Luv Affair,2,230778,False,https://open.spotify.com/track/3FnDv33WrrMtuEr7hNR3ev
0hukH4ZKPofZVmfTcEnLHN,Skit: Soulmate,5r35iS0uSSoQBKzQj0IeI3,Skool Luv Affair,3,92791,False,https://open.spotify.com/track/0hukH4ZKPofZVmfTcEnLHN
0nZaV8LwxHeg8TqFy193IL,Where You From,5r35iS0uSSoQBKzQj0IeI3,Skool Luv Affair,4,240106,False,https://open.spotify.com/track/0nZaV8LwxHeg8TqFy193IL
6t7WriKgVszATnrdBKSUAf,Just One Day,5r35iS0uSSoQBKzQj0IeI3,Skool Luv Affair,5,239469,False,https://open.spotify.com/track/6t7WriKgVszATnrdBKSUAf
0JkTVcN5kilfMztDb3bKZk,Tomorrow,5r35iS0uSSoQBKzQj0IeI3,Skool Luv Affair,6,261574,False,https://open.spotify.com/track/0JkTVcN5kilfMztDb3bKZk
41eoHn3yTDYMV9hFn50ef4,BTS Cypher Pt.2: Triptych,5r35iS0uSSoQBKzQj0IeI3,Skool Luv Affair,7,288771,False,https://open.spotify.com/track/41eoHn3yTDYMV9hFn50ef4
0F3Dpp18yIxIm7XRmn0LBj,Spine Breaker,5r35iS0uSSoQBKzQj0IeI3,Skool Luv Affair,8,238529,False,https://open.spotify.com/track/0F3Dpp18yIxIm7XRmn0LBj
1jZZm43y7RPuwjJQ5LrGHe,Jump,5r35iS0uSSoQBKzQj0IeI3,Skool Luv Affair,9,236488,False,https://open.spotify.com/track/1jZZm43y7RPuwjJQ5LrGHe
3x0SuB95K0XewiAKwNEiMZ,Outro: Propose,5r35iS0uSSoQBKzQj0IeI3,Skool Luv Affair,10,122513,False,https://open.spotify.com/track/3x0SuB95K0XewiAKwNEiMZ
3FdanLGasOj37Xi316GfZ4,"Intro: O!RUL8,2?",6rWmdSJIaGTVtdMJQ35Lvf,"O!RUL8,2?",1,70531,False,https://open.spotify.com/track/3FdanLGasOj37Xi316GfZ4
7JosxtkCqIQieNWXA2Dj3v,N.O,6rWmdSJIaGTVtdMJQ35Lvf,"O!RUL8,2?",2,209751,False,https://open.spotify.com/track/7JosxtkCqIQieNWXA2Dj3v
29vOLabxvytbI8fX9xgTaD,We On,6rWmdSJIaGTVtdMJQ35Lvf,"O!RUL8,2?",3,230885,False,https://open.spotify.com/track/29vOLabxvytbI8fX9xgTaD
53XrsilgguJmmsEtDsj0yY,Skit: R U Happy Now?,6rWmdSJIaGTVtdMJQ35Lvf,"O!RUL8,2?",4,148072,False,https://open.spotify.com/track/53XrsilgguJmmsEtDsj0yY
4bLtrrVDspeDNSaHGGMQkB,If I Ruled the World,6rWmdSJIaGTVtdMJQ35Lvf,"O!RUL8,2?",5,247450,False,https://open.spotify.com/track/4bLtrrVDspeDNSaHGGMQkB
4eqHEzFsCCiGALC1MHbqnU,Coffee,6rWmdSJIaGTVtdMJQ35Lvf,"O!RUL8,2?",6,260433,False,https://open.spotify.com/track/4eqHEzFsCCiGALC1MHbqnU
3KkbZok84es6JqI5aiLj1g,BTS Cypher Pt.1,6rWmdSJIaGTVtdMJQ35Lvf,"O!RUL8,2?",7,131192,False,https://open.spotify.com/track/3KkbZok84es6JqI5aiLj1g
06PapYCtVDlprJPgGELabn,Attack on Bangtan,6rWmdSJIaGTVtdMJQ35Lvf,"O!RUL8,2?",8,246525,False,https://open.spotify.com/track/06PapYCtVDlprJPgGELabn
3VlYMpSmYooLpzLiRBBfbX,Paldogangsan,6rWmdSJIaGTVtdMJQ35Lvf,"O!RUL8,2?",9,205061,False,https://open.spotify.com/track/3VlYMpSmYooLpzLiRBBfbX
2ZiVvIvwAwNRL4dUO3TaF6,Outro: Luv in Skool,6rWmdSJIaGTVtdMJQ35Lvf,"O!RUL8,2?",10,86044,False,https://open.spotify.com/track/2ZiVvIvwAwNRL4dUO3TaF6
1UlnDZ5ubsSX3xrXu063dZ,Intro: 2 Cool 4 Skool,6egaEe9JaULuUCkihSnYlH,2 Cool 4 Skool,1,63786,False,https://open.spotify.com/track/1UlnDZ5ubsSX3xrXu063dZ
5pjHS3EpHurMyIpB2QBnEd,We Are Bulletproof Pt.2,6egaEe9JaULuUCkihSnYlH,2 Cool 4 Skool,2,223933,False,https://open.spotify.com/track/5pjHS3EpHurMyIpB2QBnEd
4Ut6UU8Yyihz1jCZWSCQpu,Skit: Circle Room Talk,6egaEe9JaULuUCkihSnYlH,2 Cool 4 Skool,3,131906,False,https://open.spotify.com/track/4Ut6UU8Yyihz1jCZWSCQpu
089PFeXotzDLNQz9NCk6pF,No More Dream,6egaEe9JaULuUCkihSnYlH,2 Cool 4 Skool,4,222066,False,https://open.spotify.com/track/089PFeXotzDLNQz9NCk6pF
2QVXLAI2Io3tDmhFOSumr0,Interlude,6egaEe9JaULuUCkihSnYlH,2 Cool 4 Skool,5,52440,False,https://open.spotify.com/track/2QVXLAI2Io3tDmhFOSumr0
55Ctj6nVfobn9AcPe6sLG2,Like,6egaEe9JaULuUCkihSnYlH,2 Cool 4 Skool,6,231893,False,https://open.spotify.com/track/55Ctj6nVfobn9AcPe6sLG2
1GPIdEcxPjPIYGmN08b1yf,Outro: Circle Room Cypher,6egaEe9JaULuUCkihSnYlH,2 Cool 4 Skool,7,323640,False,https://open.spotify.com/track/1GPIdEcxPjPIYGmN08b1yf
2q6GfDEbNUwJENX6EZLK4Q,Angel Pt. 2,1dsqoLcQu75e2FH01Nea1Z,Angel Pt. 2 (Acoustic Version),1,176454,False,https://open.spotify.com/track/2q6GfDEbNUwJENX6EZLK4Q
6aB2aRNg9gTj6XMQkW0yQk,Angel Pt. 2 - Sped Up,1dsqoLcQu75e2FH01Nea1Z,Angel Pt. 2 (Acoustic Version),2,147189,False,https://open.spotify.com/track/6aB2aRNg9gTj6XMQkW0yQk
46rplB2GaD79JaBn94qfqi,Angel Pt. 2 - Acoustic Version,1dsqoLcQu75e2FH01Nea1Z,Angel Pt. 2 (Acoustic Version),3,174681,False,https://open.spotify.com/track/46rplB2GaD79JaBn94qfqi
7lVAWCO7Z6n1bQvLGe2EW3,"Angel Pt. 2 (feat. Jimin of BTS, Charlie Puth and Muni Long)",1V0NhpGFvzmRxrpHMQtHrU,"Angel Pt. 2 (feat. Jimin of BTS, Charlie Puth & Muni Long) (Sped Up) [FAST X Soundtrack]",1,176454,False,https://open.spotify.com/track/7lVAWCO7Z6n1bQvLGe2EW3
4rrGx1CX8RwQMl2ufnQzUA,"Angel Pt. 2 (feat. Jimin of BTS, Charlie Puth & Muni Long) (Sped Up)",1V0NhpGFvzmRxrpHMQtHrU,"Angel Pt. 2 (feat. Jimin of BTS, Charlie Puth & Muni Long) (Sped Up) [FAST X Soundtrack]",2,147189,False,https://open.spotify.com/track/4rrGx1CX8RwQMl2ufnQzUA
0ApadYqa3GRQkJJ3E7pQDJ,"Angel Pt. 2 (feat. Jimin of BTS, Charlie Puth and Muni Long / FAST X Soundtrack)",6I0ZEVomYGoOk218KaAlJk,"Angel Pt. 2 (feat. Jimin of BTS, Charlie Puth and Muni Long / FAST X Soundtrack)",1,176454,False,https://open.spotify.com/track/0ApadYqa3GRQkJJ3E7pQDJ
5IAESfJjmOYu7cHyX557kz,Take Two,3jeQDa9OFZ6GndLindHx3k,Take Two,1,229953,False,https://open.spotify.com/track/5IAESfJjmOYu7cHyX557kz
4TZYldxfZlV3hKtZGl8kRb,"Angel Pt. 1 (feat. Jimin of BTS, JVKE & Muni Long)",2H5nzViLpbX8JzY1cQMVza,"Angel Pt. 1 (feat. Jimin of BTS, JVKE & Muni Long) (FAST X Soundtrack)",1,175802,False,https://open.spotify.com/track/4TZYldxfZlV3hKtZGl8kRb
2yjeXq5ahx6UUg2rHaUe6X,"Angel Pt. 2 (feat. Jimin of BTS, Charlie Puth and Muni Long)",2H5nzViLpbX8JzY1cQMVza,"Angel Pt. 1 (feat. Jimin of BTS, JVKE & Muni Long) (FAST X Soundtrack)",2,176454,False,https://open.spotify.com/track/2yjeXq5ahx6UUg2rHaUe6X
2rgCR1PPHPGJBppdBOqor0,"Angel Pt. 1 (feat. Jimin of BTS, JVKE & Muni Long) - Trailer Version",0LyIwn8KquuxN0egv7wq8Z,"Angel Pt. 1 (feat. Jimin of BTS, JVKE & Muni Long) (FAST X Soundtrack)",1,62789,False,https://open.spotify.com/track/2rgCR1PPHPGJBppdBOqor0
2tC8dLnjkNFMGOqaYMSjcp,"Angel Pt. 1 (feat. Jimin of BTS, JVKE & Muni Long)",0LyIwn8KquuxN0egv7wq8Z,"Angel Pt. 1 (feat. Jimin of BTS, JVKE & Muni Long) (FAST X Soundtrack)",2,175802,False,https://open.spotify.com/track/2tC8dLnjkNFMGOqaYMSjcp
7miSbL2vUkrkkrRZf1jcmq,"Angel Pt. 2 (feat. Jimin of BTS, Charlie Puth and Muni Long)",0LyIwn8KquuxN0egv7wq8Z,"Angel Pt. 1 (feat. Jimin of BTS, JVKE & Muni Long) (FAST X Soundtrack)",3,176454,False,https://open.spotify.com/track/7miSbL2vUkrkkrRZf1jcmq
2GhOHZynysGm5B8R6iCihi,"Angel Pt. 1 (feat. Jimin of BTS, JVKE & Muni Long) - Trailer Version",3hPyxRi49jls3gU6Si8JdF,"Angel Pt. 1 (feat. Jimin of BTS, JVKE & Muni Long) [Trailer Version]",1,62789,False,https://open.spotify.com/track/2GhOHZynysGm5B8R6iCihi
1vvcEHQdaUTvWt0EIUYcFK,"Angel Pt. 1 (feat. Jimin of BTS, JVKE & Muni Long)",3hPyxRi49jls3gU6Si8JdF,"Angel Pt. 1 (feat. Jimin of BTS, JVKE & Muni Long) [Trailer Version]",2,175802,False,https://open.spotify.com/track/1vvcEHQdaUTvWt0EIUYcFK
4IJsVXbSeGPUrgwpVoHmlg,The Planet,7uaI73cqw8YC2ViewZAai5,The Planet,1,178156,False,https://open.spotify.com/track/4IJsVXbSeGPUrgwpVoHmlg
0jY618wuln0b5b8sCxFgjk,Dreamers [Music from the FIFA World Cup Qatar 2022 Official Soundtrack],6GnWToxHfF7hobSYdi5V8u,Dreamers [Music from the FIFA World Cup Qatar 2022 Official Soundtrack],1,201391,False,https://open.spotify.com/track/0jY618wuln0b5b8sCxFgjk
4ncTUgTfUV3wrjTPzKvn01,Yet To Come (Hyundai Ver.),4TMlkDHtOb8ZlrGiy57xvH,Yet To Come (Hyundai Ver.),1,223535,False,https://open.spotify.com/track/4ncTUgTfUV3wrjTPzKvn01
0xzI1KAr0Yd9tv8jlIk3sn,Bad Decisions (with BTS & Snoop Dogg),2km2gV8HN1lk1e1GEDl7SN,Bad Decisions (with BTS & Snoop Dogg),1,172714,False,https://open.spotify.com/track/0xzI1KAr0Yd9tv8jlIk3sn
5f4JnMfQTPGaQA0egHTww0,Bad Decisions (with BTS & Snoop Dogg) - Acoustic,1JzhfhXn0szpP7Bl2lfTCz,Bad Decisions (with BTS & Snoop Dogg) [Acoustic],1,174438,False,https://open.spotify.com/track/5f4JnMfQTPGaQA0egHTww0
4oyP9PdgeUYVISvz8Pf0EZ,Bad Decisions (with BTS & Snoop Dogg) - Instrumental,2RDD8P05XICfiKEgFoKiNf,Bad Decisions (with BTS & Snoop Dogg) [Instrumental],1,172714,False,https://open.spotify.com/track/4oyP9PdgeUYVISvz8Pf0EZ
3QRJgF8HY4zEuboEy4Q1gd,Left and Right (feat. Jung Kook of BTS) - Instrumental,3wDWcowIrrWgpRmo2ZvFup,Left and Right (feat. Jung Kook of BTS) [Instrumental],1,152117,False,https://open.spotify.com/track/3QRJgF8HY4zEuboEy4Q1gd
3IA9LkBEVhJDOxOnh1nf8a,Butter (Holiday Remix),4cmHvSMDrSRe2sLodew8sV,Butter (Holiday Remix),1,161894,False,https://open.spotify.com/track/3IA9LkBEVhJDOxOnh1nf8a
5FvxRvrQ8qzKjBJ6ST9aiu,My Universe - David Guetta Remix,4LcW19D6W1nHpvcJV5s2QI,My Universe (David Guetta Remix),1,199135,False,https://open.spotify.com/track/5FvxRvrQ8qzKjBJ6ST9aiu
1DlczmjByrS4qxRVfGjpqN,My Universe - Galantis Remix,7eMHMiz2uvtDDMbvKRJxlP,My Universe (Galantis Remix),1,224908,False,https://open.spotify.com/track/1DlczmjByrS4qxRVfGjpqN
6nhc3daOpKaZBRj2ZFWfc7,My Universe - Acoustic Version,6iVS1t7wQUHItUnCxH7epG,My Universe,1,223268,False,https://open.spotify.com/track/6nhc3daOpKaZBRj2ZFWfc7
6Lgbf4b6c9fwz24eFEWONX,My Universe - Supernova 7 Mix,6iVS1t7wQUHItUnCxH7epG,My Universe,2,279317,False,https://open.spotify.com/track/6Lgbf4b6c9fwz24eFEWONX
7btzRuXC6Ed3rIyomBRkO2,My Universe,6iVS1t7wQUHItUnCxH7epG,My Universe,3,228000,False,https://open.spotify.com/track/7btzRuXC6Ed3rIyomBRkO2
6BeOJPXMstvXolxKbL09kR,My Universe - SUGA's Remix,3oWWeH4gpNsJG0KyGaBoEd,My Universe (SUGA's Remix),1,188234,False,https://open.spotify.com/track/6BeOJPXMstvXolxKbL09kR
474VqnPDr0251lsQBB8sQB,Butter (Megan Thee Stallion Remix),0ze8IhE4fLLfu5lET12g5v,Butter (Megan Thee Stallion Remix),1,164457,False,https://open.spotify.com/track/474VqnPDr0251lsQBB8sQB
3XYRV7ZSHqIRDG87DKTtry,Permission to Dance,5ExDI42RCtISkQXAgv8dtZ,Permission to Dance,1,187585,False,https://open.spotify.com/track/3XYRV7ZSHqIRDG87DKTtry
3IGM6ph0w2fERLlyQtBoQt,Permission to Dance (R&B Remix),5ExDI42RCtISkQXAgv8dtZ,Permission to Dance,2,216156,False,https://open.spotify.com/track/3IGM6ph0w2fERLlyQtBoQt
6dWHuepkdl6x7bVxq8kg9K,Permission to Dance (Instrumental),5ExDI42RCtISkQXAgv8dtZ,Permission to Dance,3,187585,False,https://open.spotify.com/track/6dWHuepkdl6x7bVxq8kg9K
1hciAV5LrrTkRV0g0StZ6h,Butter,0E4HPJE6DPIc2OUmJ8rTP0,Butter / Permission to Dance,1,164441,False,https://open.spotify.com/track/1hciAV5LrrTkRV0g0StZ6h
43Y0lr2rcWirZysfT26JY5,Permission to Dance,0E4HPJE6DPIc2OUmJ8rTP0,Butter / Permission to Dance,2,187585,False,https://open.spotify.com/track/43Y0lr2rcWirZysfT26JY5
1tqnX1rJZJIxgyAroZj7vy,Butter (Instrumental),0E4HPJE6DPIc2OUmJ8rTP0,Butter / Permission to Dance,3,162146,False,https://open.spotify.com/track/1tqnX1rJZJIxgyAroZj7vy
4IWJqwny7buwSfdFP6ybJ1,Permission to Dance (Instrumental),0E4HPJE6DPIc2OUmJ8rTP0,Butter / Permission to Dance,4,187585,False,https://open.spotify.com/track/4IWJqwny7buwSfdFP6ybJ1
1mWdTewIgB3gtBM3TOSFhB,Butter,0PBQ3Cp6NG8WX0G9KQVNMP,"Butter (Hotter, Sweeter, Cooler)",1,164441,False,https://open.spotify.com/track/1mWdTewIgB3gtBM3TOSFhB
2uuWT347cQG0fRkrgAZ5KQ,Butter (Hotter Remix),0PBQ3Cp6NG8WX0G9KQVNMP,"Butter (Hotter, Sweeter, Cooler)",2,166962,False,https://open.spotify.com/track/2uuWT347cQG0fRkrgAZ5KQ
4RCf2OBsZfbMeGNXY872aE,Butter (Sweeter Remix),0PBQ3Cp6NG8WX0G9KQVNMP,"Butter (Hotter, Sweeter, Cooler)",3,161934,False,https://open.spotify.com/track/4RCf2OBsZfbMeGNXY872aE
7zOpZlwRK74a1nuszDZ5ZQ,Butter (Cooler Remix),0PBQ3Cp6NG8WX0G9KQVNMP,"Butter (Hotter, Sweeter, Cooler)",4,161632,False,https://open.spotify.com/track/7zOpZlwRK74a1nuszDZ5ZQ
4vNAtmfodHh3Q861erXhok,Butter (Instrumental),0PBQ3Cp6NG8WX0G9KQVNMP,"Butter (Hotter, Sweeter, Cooler)",5,162146,False,https://open.spotify.com/track/4vNAtmfodHh3Q861erXhok
3UHPGOkUcE4hE7sqBF4Snt,Film out,2jae5Jx8Yh1WjP1K4wTFUa,Film out,1,214620,False,https://open.spotify.com/track/3UHPGOkUcE4hE7sqBF4Snt
71g5YNZv9ysuAZVPuxOmiC,Dynamite (Holiday Remix),2JBcpvNYviZ9VYva3jRPsd,Dynamite (Holiday Remix),1,213314,False,https://open.spotify.com/track/71g5YNZv9ysuAZVPuxOmiC
4TgxFMOn5yoESW6zCidCXL,Savage Love (Laxed – Siren Beat) [BTS Remix],5O6izFQ2veRaZOcQSyOi4o,Savage Love (Laxed - Siren Beat) [BTS Remix],1,184905,True,https://open.spotify.com/track/4TgxFMOn5yoESW6zCidCXL
6AAZ5ZZYtw5VLSbx6q16Be,Savage Love (Laxed – Siren Beat) [BTS Remix] (Instrumental),5O6izFQ2veRaZOcQSyOi4o,Savage Love (Laxed - Siren Beat) [BTS Remix],2,184905,False,https://open.spotify.com/track/6AAZ5ZZYtw5VLSbx6q16Be
72wqLtMtkrB0qUw6jSqM0Z,Dynamite,7cvsViO3Tg4w5ixs5Aq7mS,Dynamite (NightTime Version),1,199053,False,https://open.spotify.com/track/72wqLtMtkrB0qUw6jSqM0Z
2sST8al9ONECpQzAV4E4TW,Dynamite (Instrumental),7cvsViO3Tg4w5ixs5Aq7mS,Dynamite (NightTime Version),2,198770,False,https://open.spotify.com/track/2sST8al9ONECpQzAV4E4TW
3adJ5vW78N4lpm4DzbCt6d,Dynamite (Slow Jam Remix),7cvsViO3Tg4w5ixs5Aq7mS,Dynamite (NightTime Version),3,199690,False,https://open.spotify.com/track/3adJ5vW78N4lpm4DzbCt6d
7MRdjWiq6wu1bFqlnqve5q,Dynamite (Midnight Remix),7cvsViO3Tg4w5ixs5Aq7mS,Dynamite (NightTime Version),4,196509,False,https://open.spotify.com/track/7MRdjWiq6wu1bFqlnqve5q
46cgcwt80u5CaiqHu361UH,Dynamite (Retro Remix),7cvsViO3Tg4w5ixs5Aq7mS,Dynamite (NightTime Version),5,208404,False,https://open.spotify.com/track/46cgcwt80u5CaiqHu361UH
70hNTQkU4hogweDWeMLaWT,Dynamite (Bedroom Remix),7cvsViO3Tg4w5ixs5Aq7mS,Dynamite (NightTime Version),6,207926,False,https://open.spotify.com/track/70hNTQkU4hogweDWeMLaWT
72IwoG8tqvIWV10IHjpNNA,Dynamite,1Yo63a5AzPMyHiYMKYIrld,Dynamite (DayTime Version),1,199053,False,https://open.spotify.com/track/72IwoG8tqvIWV10IHjpNNA
0V2wvC5MkDjMZyFttv8sZF,Dynamite (Instrumental),1Yo63a5AzPMyHiYMKYIrld,Dynamite (DayTime Version),2,198770,False,https://open.spotify.com/track/0V2wvC5MkDjMZyFttv8sZF
083PvB3ID4h3jiGJ1GbbPA,Dynamite (Acoustic Remix),1Yo63a5AzPMyHiYMKYIrld,Dynamite (DayTime Version),3,197993,False,https://open.spotify.com/track/083PvB3ID4h3jiGJ1GbbPA
0GIfKnZxlWAtX7P3b8PYyP,Dynamite (EDM Remix),1Yo63a5AzPMyHiYMKYIrld,Dynamite (DayTime Version),4,198939,False,https://open.spotify.com/track/0GIfKnZxlWAtX7P3b8PYyP
3u4igxLGmXBu1eiQjawtoe,Dynamite (Tropical Remix),1Yo63a5AzPMyHiYMKYIrld,Dynamite (DayTime Version),5,197101,False,https://open.spotify.com/track/3u4igxLGmXBu1eiQjawtoe
087YUEkmOGciKOflc5sQE6,Dynamite (Poolside Remix),1Yo63a5AzPMyHiYMKYIrld,Dynamite (DayTime Version),6,182591,False,https://open.spotify.com/track/087YUEkmOGciKOflc5sQE6
0UwQTbq7ZtBJ7v530mpaxP,Stay Gold,2TOMIcHmmsiCSB1VU4T8Gb,Stay Gold,1,243733,False,https://open.spotify.com/track/0UwQTbq7ZtBJ7v530mpaxP
6wH3AP7b01vpzKYRJhreMy,Black Swan,1HUAObi1fh9b214MZr5gFq,Black Swan,1,198260,False,https://open.spotify.com/track/6wH3AP7b01vpzKYRJhreMy
4aQooO4mUMX1l457bgYR6a,Make It Right (feat. Lauv) (Acoustic Remix),1mGRx12r0mVGK7jgp3eFe2,Make It Right (feat. Lauv) (Acoustic Remix),1,255541,False,https://open.spotify.com/track/4aQooO4mUMX1l457bgYR6a
57PBRXsXl2rEAR85Gh4Qac,Make It Right (feat. Lauv) (EDM Remix),408RKKP71NxM0WprGQAUsB,Make It Right (feat. Lauv) (EDM Remix),1,246322,False,https://open.spotify.com/track/57PBRXsXl2rEAR85Gh4Qac
2WH4oy1SYppZrcdgKwSA0j,Make It Right (feat. Lauv),7EBPKgQ3ITnvdppu5DEcqF,Make It Right (feat. Lauv),1,226321,False,https://open.spotify.com/track/2WH4oy1SYppZrcdgKwSA0j
6woeVu3fVMflqen1t4N6pg,Old Town Road (feat. RM of BTS) - Seoul Town Road Remix,7CQho9XJ69KLTUdM9vUZyW,Old Town Road (feat. RM of BTS) [Seoul Town Road Remix],1,114133,False,https://open.spotify.com/track/6woeVu3fVMflqen1t4N6pg
44vXWYTcdrejrIQZEoHzl8,Lights,0rHMQLHyw0Bt17fRTJEqh6,Lights/Boy With Luv,1,292773,False,https://open.spotify.com/track/44vXWYTcdrejrIQZEoHzl8
2Ya8bityItATB8WNxaaed1,Boy With Luv - Japanese ver.,0rHMQLHyw0Bt17fRTJEqh6,Lights/Boy With Luv,2,231226,False,https://open.spotify.com/track/2Ya8bityItATB8WNxaaed1
7IeoEVVNdCXHeILYk2Yxsr,IDOL - Japanese ver.,0rHMQLHyw0Bt17fRTJEqh6,Lights/Boy With Luv,3,222173,False,https://open.spotify.com/track/7IeoEVVNdCXHeILYk2Yxsr
4sfXQzbYjROMuEgDfJisj3,All Night (BTS World Original Soundtrack) (Pt. 3),53kVAgb2mQMuvNQrtFrMRN,All Night (BTS World Original Soundtrack) (Pt. 3),1,216873,False,https://open.spotify.com/track/4sfXQzbYjROMuEgDfJisj3
3amNzwQ9muL0ZwDCbe9gWy,A Brand New Day (BTS World Original Soundtrack) (Pt. 2),7AksZp2xptzhgOaiwJxjkh,A Brand New Day (BTS World Original Soundtrack) (Pt. 2),1,205019,False,https://open.spotify.com/track/3amNzwQ9muL0ZwDCbe9gWy
0GjWvVr7TZzceNwdSDRuXy,Dream Glow (BTS World Original Soundtrack) (Pt. 1),1CnfThuhzI0hf4b6CJd5rq,Dream Glow (BTS World Original Soundtrack) (Pt. 1),1,187457,False,https://open.spotify.com/track/0GjWvVr7TZzceNwdSDRuXy
6gh1S7lJpnRwqB9XRRBJGY,Waste It On Me - W&W Remix,0B2WnxpbWaajMOcuwMRvlj,Waste It On Me (W&W Remix),1,199691,False,https://open.spotify.com/track/6gh1S7lJpnRwqB9XRRBJGY
6DO7kdLSEBAt7hH6jOgOj6,Waste It On Me - Cheat Codes Remix,5i8uaYzlZK1oIjRVCCj7R1,Waste It On Me (Cheat Codes Remix),1,167381,False,https://open.spotify.com/track/6DO7kdLSEBAt7hH6jOgOj6
1euVAbcwOwn6N7z11ZWzXX,Waste It On Me - Slushii Remix,1ioOTDEIBYDSfkeLQ5qxWd,Waste It On Me (Slushii Remix),1,188235,False,https://open.spotify.com/track/1euVAbcwOwn6N7z11ZWzXX
7Eiwn5pyUzVmj2UJnQSsuE,FAKE LOVE - Japanese ver.,1v6mgJ29d4Ta3ZUfF0P18W,FAKE LOVE/Airplane pt.2,1,244813,False,https://open.spotify.com/track/7Eiwn5pyUzVmj2UJnQSsuE
56C1UvPHIRtuLKV3qLtEJ6,Airplane pt.2 - Japanese ver.,1v6mgJ29d4Ta3ZUfF0P18W,FAKE LOVE/Airplane pt.2,2,220920,False,https://open.spotify.com/track/56C1UvPHIRtuLKV3qLtEJ6
6Tai2owBuWHcNXD00mQZi5,FAKE LOVE - Japanese ver. / Remix,1v6mgJ29d4Ta3ZUfF0P18W,FAKE LOVE/Airplane pt.2,3,246453,False,https://open.spotify.com/track/6Tai2owBuWHcNXD00mQZi5
7tpnGo2FeV8WTWTboXAAg7,FAKE LOVE (Rocking Vibe Mix),40MlewRUbtxeuUVIcP1Let,FAKE LOVE (Rocking Vibe Mix),1,238494,False,https://open.spotify.com/track/7tpnGo2FeV8WTWTboXAAg7
0RF2i1nWqMHK0i3xIUAhfl,MIC Drop - Japanese ver.,03yfkUHGv0rY49Wz9mzloe,MIC Drop/DNA/Crystal Snow,1,238680,False,https://open.spotify.com/track/0RF2i1nWqMHK0i3xIUAhfl
1Z2uN2puf5Gd2PlVRbM2Yu,DNA - Japanese ver.,03yfkUHGv0rY49Wz9mzloe,MIC Drop/DNA/Crystal Snow,2,224920,False,https://open.spotify.com/track/1Z2uN2puf5Gd2PlVRbM2Yu
0NdYhK7ma3nu4krFkBsI5y,Crystal Snow,03yfkUHGv0rY49Wz9mzloe,MIC Drop/DNA/Crystal Snow,3,322333,False,https://open.spotify.com/track/0NdYhK7ma3nu4krFkBsI5y
6XxpvCj3eLWs3lYowSgC4G,MIC Drop (feat. Desiigner) [Steve Aoki Remix],6wIyi2KokLUlWMnn3fQc6C,MIC Drop (feat. Desiigner) [Steve Aoki Remix],1,238726,False,https://open.spotify.com/track/6XxpvCj3eLWs3lYowSgC4G
7msWZLyQtBaLhvsGB7j2hE,Danger - Japanese Ver.,4obhxC4Xdmg1b6kcMpW8fD,Danger (Japanese Ver.- / Standard Edition),1,248693,False,https://open.spotify.com/track/7msWZLyQtBaLhvsGB7j2hE
0rsmEuuSVz47Qm6dpBxyes,Shingeki no Boudan - Sonpub Remix,4obhxC4Xdmg1b6kcMpW8fD,Danger (Japanese Ver.- / Standard Edition),2,242466,False,https://open.spotify.com/track/0rsmEuuSVz47Qm6dpBxyes
3uaBayF9P4kCFhMLPMqBQw,Miss Right - Japanese Ver.,4obhxC4Xdmg1b6kcMpW8fD,Danger (Japanese Ver.- / Standard Edition),3,242093,False,https://open.spotify.com/track/3uaBayF9P4kCFhMLPMqBQw
6Xs1YFAL7AFvnfoE1f7rPY,Boy In Luv - Japanese Ver.,6l0cl7IM7uuoNtdl9emYbw,Boy In Luv (Japanese Ver.),1,232506,False,https://open.spotify.com/track/6Xs1YFAL7AFvnfoE1f7rPY
7jDYnvQi8DKsKavVuxkhVO,N.O - Japanese Ver.,6l0cl7IM7uuoNtdl9emYbw,Boy In Luv (Japanese Ver.),2,211706,False,https://open.spotify.com/track/7jDYnvQi8DKsKavVuxkhVO
3kd1357rEgCETWCHySPj1l,Just One Day - Japanese Ver.,6l0cl7IM7uuoNtdl9emYbw,Boy In Luv (Japanese Ver.),3,241040,False,https://open.spotify.com/track/3kd1357rEgCETWCHySPj1l
5dEaQCUCJIQyJs5qVZYXOC,Come Back Home,1G3HTdPaeUIL6l3mo3q8N8,Come Back Home,1,244587,False,https://open.spotify.com/track/5dEaQCUCJIQyJs5qVZYXOC
1OVUCNaV0gdltLjbpsoZwH,血、汗、涙 - Japanese ver.,1rxOBsRqYTRBhltSLWjseF,血、汗、涙,1,215053,False,https://open.spotify.com/track/1OVUCNaV0gdltLjbpsoZwH
7tHMnD6UuU9sNR1zlSJ6Lp,Not Today - Japanese ver.,1rxOBsRqYTRBhltSLWjseF,血、汗、涙,2,232133,False,https://open.spotify.com/track/7tHMnD6UuU9sNR1zlSJ6Lp
0I08kzlwHEkBNCioRjODFc,Spring Day - Japanese ver.,1rxOBsRqYTRBhltSLWjseF,血、汗、涙,3,274160,False,https://open.spotify.com/track/0I08kzlwHEkBNCioRjODFc
70vhVEisB5n2HaX6V7Pl9R,Run - Japanese Ver.,1Za3UxQMhgKeO8QNsVwzRt,Run (Japanese Ver./Standard Edition),1,239230,False,https://open.spotify.com/track/70vhVEisB5n2HaX6V7Pl9R
4C5gHVYvSSJRPsunMJqdsd,Butterfly - Japanese Ver.,1Za3UxQMhgKeO8QNsVwzRt,Run (Japanese Ver./Standard Edition),2,241866,False,https://open.spotify.com/track/4C5gHVYvSSJRPsunMJqdsd
3KWYKrNuIGg2QmlwLBkrTF,Good Day,1Za3UxQMhgKeO8QNsVwzRt,Run (Japanese Ver./Standard Edition),3,268786,False,https://open.spotify.com/track/3KWYKrNuIGg2QmlwLBkrTF
1NpkP0qImfVoMfjOgWKSG9,I Need U - Japanese Ver.,71mivOtJblgvlGqvAPRJyw,I Need U (Japanese Ver. / Standard Edition),1,212226,False,https://open.spotify.com/track/1NpkP0qImfVoMfjOgWKSG9
2fSwgOUqFqewuYiLKOtV85,Dope - Chou Yabee! - - Japanese Ver.,71mivOtJblgvlGqvAPRJyw,I Need U (Japanese Ver. / Standard Edition),2,241680,False,https://open.spotify.com/track/2fSwgOUqFqewuYiLKOtV85
4Bd0mwRVIPe1MYUE20cZPK,Funtan Syounendan - Japanese Ver.,71mivOtJblgvlGqvAPRJyw,I Need U (Japanese Ver. / Standard Edition),3,245120,False,https://open.spotify.com/track/4Bd0mwRVIPe1MYUE20cZPK
43x0i2PPXrmOGTTgoyqGNZ,For You,3dviBwFcDYCcpXUbeacrIl,For You,1,285066,False,https://open.spotify.com/track/43x0i2PPXrmOGTTgoyqGNZ
0zFiJHcn41PbBeU4pYJdNF,Hormone Sensou - Japanese Ver.,3dviBwFcDYCcpXUbeacrIl,For You,2,268400,False,https://open.spotify.com/track/0zFiJHcn41PbBeU4pYJdNF
07RpaipQDG3p4kSEZZVzf9,Let Me Know - Japanese Ver.,3dviBwFcDYCcpXUbeacrIl,For You,3,256533,False,https://open.spotify.com/track/07RpaipQDG3p4kSEZZVzf9
1mD6sDkMeumRzpVF73QrlE,No More Dream - Japanese Ver.,5x3pRdlUUVG0eHAMDkW39a,No More Dream (Japanese Ver.),1,221293,False,https://open.spotify.com/track/1mD6sDkMeumRzpVF73QrlE
2ysIgQwwy1dciVCG1sBrNy,Shingeki no Boudan - Japanese Ver.,5x3pRdlUUVG0eHAMDkW39a,No More Dream (Japanese Ver.),2,247120,False,https://open.spotify.com/track/2ysIgQwwy1dciVCG1sBrNy
2iKJS8ni19b9YC2tIdorJ6,Iine!,5x3pRdlUUVG0eHAMDkW39a,No More Dream (Japanese Ver.),3,233480,False,https://open.spotify.com/track/2iKJS8ni19b9YC2tIdorJ6
