title,spotify_track_id,isrc,match_method,musicbrainz_recording_mbid,musicbrainz_title,musicbrainz_score,has_acousticbrainz_high_level,high_level_status,has_acousticbrainz_low_level,low_level_status,error
SWIM,6nt3AoYjkaqXMZhypTBky1,,title_artist,6f33dc05-cdc0-4a2f-8039-e8fed082eec6,SWIM,100.0,False,404,False,404,
SWIM with RM (Chill Hip Hop Remix),7EytKcb3klVPpN5IW1sj1Y,,title_artist,8f06995a-79b6-4d5b-85eb-8a508b347c21,SWIM with RM (chill hip hop remix),100.0,False,404,False,404,
SWIM with Jin (Alternative Rock Remix),5dZLsPskKzph16LWo31uxL,,title_artist,e28e391e-b71f-4fc2-bc5c-08d58a9f7a36,SWIM with Jin (alternative rock remix),100.0,False,404,False,404,
SWIM with SUGA (Melodic Techno Remix),5AL5OrvyIMPqKjl9iw3xO5,,title_artist,f0a807ed-f438-44ae-b151-1cd1d97e1efc,SWIM with SUGA (melodic techno remix),100.0,False,404,False,404,
SWIM with j-hope (Afrobeat Remix),3MCJY7lXCHa0UNIjsAucaJ,,title_artist,2163369c-9225-48e8-9389-fb95e701dc6e,SWIM with j‐hope (afrobeat remix),100.0,False,404,False,404,
SWIM with Jimin (Slow Jam R&B Remix),1rHA1rzjy0cBgmV0ZwfrXb,,title_artist,8d9d3828-f4f9-462a-8a4a-8fa492e961ff,SWIM with Jimin (slow jam R&B remix),100.0,False,404,False,404,
SWIM with V (Electronic Remix),7msJH9xSJP7C7KTo3HM0i2,,title_artist,2d5da8a7-aa96-4af5-b4b2-a4fd6746842c,SWIM with V (electronic remix),100.0,False,404,False,404,
SWIM with Jung Kook (Acoustic Lofi Remix),0a7MZlflT3ZdvdwoP72zM3,,title_artist,d43818c5-dc4f-4f1d-aee2-87fc586cf4bb,SWIM with Jung Kook (acoustic lofi remix),100.0,False,404,False,404,
Body to Body,2rKkfc4VZ74FQDc1FF1Zo6,,title_artist,93acab11-478b-486c-b841-e729d46a522a,Body to Body,100.0,False,404,False,404,
Hooligan,20dAJsyno9ZoBLJtqgQnUI,,title_artist,ab5b00ac-cde0-4945-90b2-b1474c6623e8,Hooligan,100.0,False,404,False,404,
Aliens,5tg21NdePCn5m8F9BXOEeJ,,,,,,False,error,False,error,"HTTPSConnectionPool(host='musicbrainz.org', port=443): Read timed out. (read timeout=30)"
FYA,0KmrKOdScRDVYwWS8hkkdv,,title_artist,bfc942bf-e795-4bf5-9161-d36ca4006726,FYA,100.0,False,404,False,404,
2.0,3bmpXHVie1GTy37OkXJ7Vc,,title_artist,9fd2513d-3196-47da-8f89-1ce39ac34b28,2.0,100.0,False,404,False,404,
SWIM,68lbSrXDORS51pmyjZv712,,title_artist,cb50b866-5dc2-4b30-ac25-4293aedabcea,SWIM,100.0,False,404,False,404,
Merry Go Round,3VegC0PZiHjGxb80DER8XU,,title_artist,a304124d-6a41-4a1a-b9b5-8651d18efa07,Merry Go Round,100.0,False,404,False,404,
NORMAL,4B4Q7zfd0aHcuhQBfCRnH5,,title_artist,36f9a573-9e2c-4b6b-9482-95b9bb31b6c7,NORMAL,100.0,False,404,False,404,
Like Animals,2IFND3phjzIG1RcPnHh2hP,,title_artist,581ae522-2b53-4353-bd4c-d6166793e759,Like Animals,100.0,False,404,False,404,
they don’t know ’bout us,0b61A7v9agI08BG21jJPQ9,,title_artist,7bdd2fd6-e7ea-4926-8af9-6ebfcca06adc,they don’t know ’bout us,100.0,False,404,False,404,
One More Night,6s3w7SUVtmm68Bw5KrKMh0,,title_artist,dddf059e-e823-4928-aa1b-387685657aa6,One More Night,100.0,False,404,False,404,
Please,1XpVhaI4HzWrhRWIpdfyJB,,title_artist,f0fd3659-ba22-48c9-a55d-8554b3fcb4c2,Please,100.0,False,404,False,404,
Into the Sun,1ZNolq7VI7efGlh2hb2VVr,,title_artist,0937ed79-7f97-41b4-9250-83eb63611df5,Into the Sun,100.0,False,404,False,404,
ON - Live,0RTYfrqHvTUxFpmuvSyobG,,title_artist,1a232bad-ad82-4b74-a627-7e072082fdbe,ON - Live,100.0,False,404,False,404,
Burning Up (FIRE) - Live,0ZesCaUx90FOcVUp2lL3fq,,title_artist,df77366d-87aa-4e21-af73-b2a271c163d6,Burning Up (FIRE) - Live,100.0,False,404,False,404,
Dope - Live,3gXItsnl1sUAtkovOFiGOQ,,title_artist,78aa7b60-767c-42f5-b5da-531d4ffe549a,Dope - Live,100.0,False,404,False,404,
DNA - Live,4yodkgQH2SuXMHwMnR35Sp,,title_artist,85fbb216-e1af-414a-8fd8-32655efe552b,DNA - Live,100.0,False,404,False,404,
Blue & Grey - Live,6blVdEq8pMWOcoHdRVzsxG,,title_artist,8c6b024c-b3fb-4159-a4b0-e0b62d7461b9,Blue & Grey - Live,100.0,False,404,False,404,
Black Swan - Live,5LlKpH6Y9NB4AA3VJNv5gw,,,,,,False,error,False,error,"HTTPSConnectionPool(host='musicbrainz.org', port=443): Read timed out. (read timeout=30)"
Blood Sweat & Tears - Live,74BEdRSCBbSGYJe2TQvcrR,,title_artist,38f1f272-d7e8-4ae7-93ff-3e574eeef484,Blood Sweat & Tears - Live,100.0,False,404,False,404,
FAKE LOVE - Live,5OeRRQeyMvgc3a9h5288m9,,title_artist,61365972-86cf-4539-aa18-da5bd4b95563,FAKE LOVE - Live,100.0,False,404,False,404,
Life Goes On - Live,0PGLdlM0PkrJ9U8xDp4wMH,,title_artist,884d8fd7-adc1-4c5f-b05d-1e3aa46916c8,Life Goes On - Live,100.0,False,404,False,404,
Boy With Luv (Feat. Halsey) - Live,4EAIHRqVnaof9FKjYQFDGZ,,title_artist,,,,False,,False,,
Dynamite - Live,3FZN0Ceh7b6aUz3xPWRyOk,,title_artist,6dacb513-fed9-46b8-a872-d27d1d4079ee,Dynamite - Live,100.0,False,404,False,404,
Butter - Live,1Xzqryxsf3vIRazdffKEOL,,title_artist,71c5c698-a030-4946-b6b8-0e55ba253fb5,Butter - Live,100.0,False,404,False,404,
Telepathy - Live,3VOmrD6wxlMvVkeWpPRcEQ,,,,,,False,error,False,error,"HTTPSConnectionPool(host='musicbrainz.org', port=443): Read timed out. (read timeout=30)"
Outro : Wings - Live,4uMdTFR3ApM5LzPboawx4j,,title_artist,9ad972b3-b1b9-4170-9336-bf7b86efafec,Outro : Wings - Live,100.0,False,404,False,404,
Stay - Live,7ldvwszvPNuDAtUM0OJxmj,,title_artist,49149d4b-cef8-4504-9aad-17e2825e42b4,Stay - Live,100.0,False,404,False,404,
So What - Live,1M1YZZAhOheB9gFmzqrVLw,,,,,,False,error,False,error,"HTTPSConnectionPool(host='musicbrainz.org', port=443): Read timed out. (read timeout=30)"
IDOL - Live,3yzvhUle7G7w8m37pYaM8q,,,,,,False,error,False,error,"HTTPSConnectionPool(host='musicbrainz.org', port=443): Read timed out. (read timeout=30)"
Airplane pt.2 - Live,5TOeixpcODZEealpmHEfOl,,title_artist,28ae77cd-db88-4952-b0da-978a51bf4b91,Airplane pt.2 - Live,100.0,False,404,False,404,
Silver Spoon - Live,0x7ckKKeJUC1bZVPGFEdFW,,title_artist,31209355-cec7-4ad1-a525-9953f9c8b9f2,Silver Spoon - Live,100.0,False,404,False,404,
Dis-ease - Live,1Mqkv1ZaIW5OLrhId4hsFT,,title_artist,bd665675-6d03-4ec7-aabb-a0048f48092f,Dis‐ease - Live,100.0,False,404,False,404,
Spring Day - Live,3znJC1qQ4H4OHmteu5atiX,,title_artist,43feb8b8-6c77-4b3a-89f2-b63d2b16d927,Spring Day - Live,100.0,False,404,False,404,
Permission to Dance - Live,4UAnQaQTSMjKjHkqjKwEYx,,title_artist,6e7ae6f0-7b1f-43e4-b602-67daa444daa2,Permission to Dance - Live,100.0,False,404,False,404,
Born Singer,1IthE5GNiRzFN5CVaCa445,,title_artist,185fc736-3d55-4c93-b1d5-ac538fa7a86f,Born Singer,100.0,False,404,False,404,
No More Dream,27S8iOXD7Z58yvJtyk2S9j,,title_artist,2da0d7f3-787f-44ee-b81e-5a7d68ba88a4,No More Dream,100.0,True,200,True,200,
N.O,2GEnvQgSJhedm2sqZlOP8o,,title_artist,4ca68043-cffc-455a-90ca-3ab2f6ae78e7,N.O,100.0,True,200,True,200,
Boy In Luv,0vMk4IrUfSJQkhwZnVX6us,,title_artist,93072fc7-a279-4f40-a0e2-664b9c26cb8d,상남자 (Boy in Luv),100.0,True,200,True,200,
Danger,0Q53fuiKLGjDKD7Mme7EoQ,,title_artist,283bbb04-a6f5-42ca-8dd3-3ef7405e73b8,Danger,100.0,True,200,True,200,
I NEED U,1GunnGtZCSjLUAPG6yrDUC,,title_artist,607c82e7-1227-44e3-b349-db2caf925f4d,I NEED U,100.0,False,404,False,404,
RUN,20Qqyt4bd1oe4KmkTagb2K,,title_artist,98ff1a0b-706b-4313-86c8-932d0d4c5c4b,RUN,100.0,False,404,False,404,
Burning Up (FIRE),5cQPIQAF2T1elxWs7EqB9W,,title_artist,df77366d-87aa-4e21-af73-b2a271c163d6,Burning Up (FIRE) - Live,100.0,False,404,False,404,
Blood Sweat & Tears,1wiqEFd8phSCSlteDLSyp2,,title_artist,38f1f272-d7e8-4ae7-93ff-3e574eeef484,Blood Sweat & Tears - Live,100.0,False,404,False,404,
Spring Day,4upRoEWkMWhhMfEgPZMFRP,,title_artist,eb9d2b83-cf5f-45b2-9d43-12370e12acda,Comment - Spring Day,100.0,False,404,False,404,
DNA,2Ygw4CPjg1lg4zxTITYY2V,,title_artist,4e7bfe28-623f-4123-b688-e55ef346b8fe,DNA,100.0,True,200,True,200,
FAKE LOVE,3YspylwDrs1LuzPONbKmAL,,title_artist,27e95178-49ac-47a1-8b4c-540c77982680,FAKE LOVE,100.0,True,200,True,200,
IDOL,0KCvsHmGvW2XcsxEWJvLPr,,title_artist,e1d8cd3f-b502-4456-ae50-fce7a42551c9,IDOL,100.0,False,404,False,404,
Boy With Luv (Feat. Halsey),07qrA1FxZpXy383wX3IDEb,,title_artist,,,,False,,False,,
ON,0U4hNZFJYNFdEAXZcHbkkc,,title_artist,daee9b09-d34a-4594-82ed-b11808275ace,ON,100.0,False,404,False,404,
Dynamite,1hIuSG6xV4RDgD8bDVKP7N,,title_artist,db965fe4-9e56-4fc7-837b-b2a0dcdb3206,Dynamite,100.0,True,200,True,200,
Life Goes On,1VjqXwHU3isibdXLEtXc4q,,title_artist,7e36230c-fc8b-44f7-ad0b-6924bf34dde0,Life Goes On,100.0,True,200,True,200,
Butter,6jjYDGxVJsWS0a5wlVF5vS,,title_artist,e139bd8d-410c-41c1-967c-a30ee3b444e8,Butter,100.0,True,200,True,200,
Yet To Come,10SRMwb9EuVS1K9rYsBfHQ,,title_artist,ecd379be-8ba2-4739-b127-5c47b2e7cc4a,Yet to Come (Hyundai ver.),100.0,False,404,False,404,
Run BTS,69xohKu8C1fsflYAiSNbwM,,title_artist,,,,False,,False,,
Intro : Persona,1e45vYKAMljTZUQUotLdq2,,title_artist,902be3e7-5631-4871-ac6a-5a45b30bf1ce,Intro : Persona,100.0,True,200,True,200,
Stay,5YbEHfUUvXsUsg7qNYXUpP,,title_artist,f8f5dc8b-49a7-4989-9273-5153d381ad85,Stay,100.0,False,404,False,404,
Moon,7xuswKr3R30Cm46LbkOsno,,title_artist,bee32f5f-9c18-4d12-9add-8a11028c7ec0,Moon,100.0,False,404,False,404,
Jamais Vu,7FhCf28FnHIt3FPRyWzRNG,,title_artist,f747e360-c8d3-44dd-a61d-41c035cfcb86,Jamais vu,100.0,True,200,True,200,
Trivia 轉 : Seesaw,0KB5bwjunSShEpHgUgj4NV,,title_artist,f769fd16-8a70-433f-a147-c2869f290dc4,Trivia 轉 : Seesaw,100.0,False,404,False,404,
BTS Cypher PT.3 : KILLER (Feat. Supreme Boi),1XkVZKfViRyaQcBWUEVwrd,,title_artist,,,,False,,False,,
Outro : Ego,47Qw0zTwJKA2CJgtueJqml,,title_artist,273d9665-3d8f-4222-b249-daac1b16c8a4,Outro : Ego,100.0,True,200,True,200,
Her,56ymD9oPodUTG8oHhauCMx,,title_artist,05fd9e5e-2333-4803-84eb-0d705fc39304,Her,100.0,False,404,False,404,
Filter,2ZXXwpomdj8xBYl352iyKH,,title_artist,184d1af4-6e75-4012-9b75-3e8056b20008,Filter,100.0,False,404,False,404,
Friends,7b3Fx7XAPJDk7fYlti24ZH,,title_artist,fe806a70-0c60-4538-a60e-a412b32d9bf1,Friends (호석 테마),100.0,False,404,False,404,
Singularity,3WMLle4WsAKsZ9G1a5L8c9,,,,,,False,error,False,error,"HTTPSConnectionPool(host='musicbrainz.org', port=443): Max retries exceeded with url: /ws/2/recording?fmt=json&query=recording%3A%22Singularity%22+AND+artist%3A%22BTS%22&limit=5 (Caused by SSLError(SSLEOFError(8, '[SSL: UNEXPECTED_EOF_WHILE_READING] EOF occurred in violation of protocol (_ssl.c:1000)')))"
00:00 (Zero O'Clock),6aIJhrO0Y4zeDLxLkj2NXk,,title_artist,c95f01d4-9ff1-4090-b4bc-cef02b756d73,00:00 (Zero O’Clock),100.0,True,200,True,200,
Euphoria,2r8F0VYPom2XP4cKAzWLLE,,title_artist,5b96b5c8-66b0-48fa-a1f2-ccbd9aa398ce,Euphoria,100.0,False,404,False,404,
Dimple,58yMMEtAYdyWIr2UEPwmNo,,title_artist,,,,False,,False,,
For Youth,4JzCFEc3O2UEdjKzevvFH5,,title_artist,f0a053af-08b2-4ec8-91dc-2e98ae3d5c61,For Youth,100.0,False,404,False,404,
Life Goes On,5FVbvttjEvQ8r2BgUcJgNg,,,,,,False,error,False,error,"HTTPSConnectionPool(host='musicbrainz.org', port=443): Max retries exceeded with url: /ws/2/recording?fmt=json&query=recording%3A%22Life+Goes+On%22+AND+artist%3A%22BTS%22&limit=5 (Caused by SSLError(SSLEOFError(8, '[SSL: UNEXPECTED_EOF_WHILE_READING] EOF occurred in violation of protocol (_ssl.c:1000)')))"
Fly To My Room,1NHl9g36Ebu3g16y0vtUNV,,title_artist,,,,False,,False,,
Blue & Grey,7Ki0hse0IfXEcXUlpyECbJ,,title_artist,08e04c4f-871c-4344-aa28-b19530d5b9e7,Blue & Grey,100.0,True,200,True,200,
Telepathy,6Fnvi5QnVkTskSzeRvvQds,,,,,,False,error,False,error,"HTTPSConnectionPool(host='musicbrainz.org', port=443): Max retries exceeded with url: /ws/2/recording?fmt=json&query=recording%3A%22Telepathy%22+AND+artist%3A%22BTS%22&limit=5 (Caused by SSLError(SSLEOFError(8, '[SSL: UNEXPECTED_EOF_WHILE_READING] EOF occurred in violation of protocol (_ssl.c:1000)')))"
Dis-ease,0hxeouHqP3qzpTHerA7ha2,,title_artist,bd665675-6d03-4ec7-aabb-a0048f48092f,Dis‐ease - Live,100.0,False,404,False,404,
Stay,0TdWVbcerMAcvljXrl9gpG,,,,,,False,error,False,error,"HTTPSConnectionPool(host='musicbrainz.org', port=443): Max retries exceeded with url: /ws/2/recording?fmt=json&query=recording%3A%22Stay%22+AND+artist%3A%22BTS%22&limit=5 (Caused by SSLError(SSLEOFError(8, '[SSL: UNEXPECTED_EOF_WHILE_READING] EOF occurred in violation of protocol (_ssl.c:1000)')))"
Dynamite,5QDLhrAOJJdNAmCTJ8xMyW,,title_artist,db965fe4-9e56-4fc7-837b-b2a0dcdb3206,Dynamite,100.0,True,200,True,200,
INTRO : Calling,5raJ9QoZOdoRZ1MZOcygkR,,,,,,False,error,False,error,"HTTPSConnectionPool(host='musicbrainz.org', port=443): Max retries exceeded with url: /ws/2/recording?fmt=json&query=recording%3A%22INTRO+%3A+Calling%22+AND+artist%3A%22BTS%22&limit=5 (Caused by SSLError(SSLEOFError(8, '[SSL: UNEXPECTED_EOF_WHILE_READING] EOF occurred in violation of protocol (_ssl.c:1000)')))"
Stay Gold,3Ys2PYl1wyPKQIwyqhP9cQ,,title_artist,1733bab5-99dc-43a8-af03-e9e723aa6a41,Stay Gold,100.0,False,404,False,404,
Boy With Luv - Japanese ver.,1GAAUZBTaIM1LwNpOJQJrZ,,title_artist,,,,False,,False,,
Make It Right - Japanese ver.,6P0Ni8GrnwRScC4uk8tKqM,,title_artist,,,,False,,False,,
Dionysus - Japanese ver.,6j0NiWoRQDiNC05RwVVZNa,,title_artist,,,,False,,False,,
IDOL - Japanese ver.,2vYF5MHeCNtqCVastthDAo,,title_artist,,,,False,,False,,
Airplane pt.2 - Japanese ver.,4EeVAiJtyblHzvkN9sZCmM,,title_artist,,,,False,,False,,
FAKE LOVE - Japanese ver.,4jTEbIwCMcHSwlSEiR4NlQ,,,,,,False,error,False,error,"HTTPSConnectionPool(host='musicbrainz.org', port=443): Max retries exceeded with url: /ws/2/recording?fmt=json&query=recording%3A%22FAKE+LOVE+-+Japanese+ver.%22+AND+artist%3A%22BTS%22&limit=5 (Caused by SSLError(SSLEOFError(8, '[SSL: UNEXPECTED_EOF_WHILE_READING] EOF occurred in violation of protocol (_ssl.c:1000)')))"
Black Swan - Japanese ver.,5smmjzMNkj4YSacTBH6taZ,,title_artist,,,,False,,False,,
ON - Japanese ver.,2hhizKAVm9wNn0d2N05jkG,,title_artist,,,,False,,False,,
Lights,3TDUktzfYXMWjkWqwoT5F1,,title_artist,36d3ac31-124a-45f2-a51a-7d9b6fe7a702,Lights,100.0,False,404,False,404,
Your eyes tell,3TZ7NHkMT82AhwuYsd00Hz,,,,,,False,error,False,error,"HTTPSConnectionPool(host='musicbrainz.org', port=443): Max retries exceeded with url: /ws/2/recording?fmt=json&query=recording%3A%22Your+eyes+tell%22+AND+artist%3A%22BTS%22&limit=5 (Caused by SSLError(SSLEOFError(8, '[SSL: UNEXPECTED_EOF_WHILE_READING] EOF occurred in violation of protocol (_ssl.c:1000)')))"
Intro : Persona,7incJHhOl108CJBxylqc1z,,title_artist,902be3e7-5631-4871-ac6a-5a45b30bf1ce,Intro : Persona,100.0,True,200,True,200,
Boy With Luv (Feat. Halsey),7lrqvdivAYRGEiO8JFP31G,,title_artist,,,,False,,False,,
Make It Right,30YLyzfEjMQsXj4ZFslAmT,,title_artist,b1798c47-b4e0-4fdf-8edb-38f2bbbf47e8,Make It Right,100.0,False,404,False,404,
Jamais Vu,0PpNBEXkjalflGCMMsBV5B,,title_artist,f747e360-c8d3-44dd-a61d-41c035cfcb86,Jamais vu,100.0,True,200,True,200,
Dionysus,5LvqzuJCNpi2pNkJAX8mBT,,title_artist,f12d104c-61a1-4ffd-b3a1-2213c7c74fd4,Dionysus,100.0,False,404,False,404,
Interlude : Shadow,7om4LRoSct9hiMPo0fPn7m,,title_artist,669f6c3a-bc67-488c-975a-738f87bf1227,Interlude : Shadow,100.0,False,404,False,404,
Black Swan,2EmcTFQ1rM11wp2ztsXTHa,,title_artist,61fb1575-d67b-4a0b-bf3a-9ad82fcc5e2f,Black Swan,100.0,True,200,True,200,
Filter,4bZZVcgWWMWPBwzTTp642w,,title_artist,184d1af4-6e75-4012-9b75-3e8056b20008,Filter,100.0,False,404,False,404,
My Time,0YJFlxeHMUr9MxSDQVuQJA,,title_artist,4ea82f32-ad63-4134-b9ea-d764967c29d9,My Time,100.0,False,404,False,404,
Louder than bombs,4Aw8n6r2vuU0KUo1a2nftp,,title_artist,08e5bc59-f7c1-4379-b19f-3aff8a5304c7,Louder than bombs,100.0,False,404,False,404,
ON,0fZRNhPJ4AGmwY7rkpdbqK,,title_artist,daee9b09-d34a-4594-82ed-b11808275ace,ON,100.0,False,404,False,404,
UGH!,2QZe2H1f03t5PJWEMg2Mbe,,title_artist,ab4cb0a8-c8f7-4a9e-b219-00d5038d1323,욱 (UGH!),100.0,False,404,False,404,
00:00 (Zero O’Clock),6fqaMyg066xlukvUJWdM2T,,title_artist,f78bca44-3cc0-4d63-825b-17b3748c8e77,00:00 (Zero O’Clock),100.0,False,404,False,404,
Inner Child,25MHcbjvSdcfTiFgbKJiZF,,title_artist,221bbd89-be68-4559-bd06-984789217de3,Inner Child,100.0,False,404,False,404,
Friends,5RjUtRlDonw3TBgGGMLC5b,,title_artist,fe806a70-0c60-4538-a60e-a412b32d9bf1,Friends (호석 테마),100.0,False,404,False,404,
Moon,6KhAXXgDtEEahVzATvFNcn,,title_artist,bee32f5f-9c18-4d12-9add-8a11028c7ec0,Moon,100.0,False,404,False,404,
Respect,2yKBnKOmPXePrbHqRv42r4,,title_artist,8b947c6e-7d24-4fd8-ad7e-028d11509dda,Respect,100.0,False,404,False,404,
We are Bulletproof : the Eternal,133ocfbXXG4HTk76qgSeUb,,title_artist,8d10d066-ffe8-4b1d-91e7-d259b3c20d63,We are Bulletproof : the Eternal,100.0,True,200,True,200,
Outro : Ego,2LVw2bIK99go1NdD77dUCW,,title_artist,273d9665-3d8f-4222-b249-daac1b16c8a4,Outro : Ego,100.0,True,200,True,200,
Intro : Persona,2GXWzWPsYlTZcvVW8JIu69,,title_artist,cef59fa6-2001-442f-a4e7-b926b2c2e399,Intro : Persona,100.0,False,404,False,404,
Boy With Luv (feat. Halsey),4a9tbd947vo9K8Vti9JwcI,,title_artist,,,,False,,False,,
Mikrokosmos,0jSccBRnhNU4KtACMQPvco,,title_artist,7273eb8f-ed52-4afa-a6af-f638ea8ab113,소우주 (Mikrokosmos),100.0,False,404,False,404,
Make It Right,3LSjYk6sFQaLi0MjtWcm8P,,title_artist,b1798c47-b4e0-4fdf-8edb-38f2bbbf47e8,Make It Right,100.0,False,404,False,404,
HOME,6Yc3tjFCVR2bfAQFRTZBef,,title_artist,aa415531-17fc-48fe-b170-d68d2e558990,HOME,100.0,False,404,False,404,
Jamais Vu,7cgWWkpUaS94xoWI8lMGiI,,title_artist,f747e360-c8d3-44dd-a61d-41c035cfcb86,Jamais vu,100.0,True,200,True,200,
Dionysus,2Wkm4JBcIV2uSuu4qlbqFN,,title_artist,f12d104c-61a1-4ffd-b3a1-2213c7c74fd4,Dionysus,100.0,False,404,False,404,
Euphoria,5YMXGBD6vcYP7IolemyLtK,,title_artist,5b96b5c8-66b0-48fa-a1f2-ccbd9aa398ce,Euphoria,100.0,False,404,False,404,
Trivia 起 : Just Dance,4YDHRtzm0OGuieCTVQjVuk,,title_artist,93ad32df-186a-4b46-a446-83ea5dfab7d4,Trivia 起 : Just Dance,100.0,False,404,False,404,
Serendipity (Full Length Edition),1dS4l6xmdgEhCZTAhdOm4N,,title_artist,6d5200d8-53f7-4b89-88cb-0b1e8ea2bdba,Serendipity (full length edition),100.0,False,404,False,404,
DNA,2ngmiq1KoYn3x25VOmvd8F,,title_artist,4e7bfe28-623f-4123-b688-e55ef346b8fe,DNA,100.0,True,200,True,200,
Dimple,1rLkzFZdokhx6Wcs80uvnw,,title_artist,,,,False,,False,,
Trivia 承 : Love,6bSwpQYEguyMlkCoWiBt3Y,,title_artist,c7634edd-c628-46d9-9b2c-e80bd496bea2,Trivia 承 : Love,100.0,False,404,False,404,
Her,6FHVHycPPTQp6aAHjLhzFT,,title_artist,05fd9e5e-2333-4803-84eb-0d705fc39304,Her,100.0,False,404,False,404,
Singularity,2ApfJvLr7RbhJl6NOVhEu6,,title_artist,66bc922a-0088-4f51-9f6f-87984a852733,Singularity,100.0,False,404,False,404,
FAKE LOVE,6a0gRYXKK0YU69cXaB2RrK,,title_artist,27e95178-49ac-47a1-8b4c-540c77982680,FAKE LOVE,100.0,True,200,True,200,
The Truth Untold,4eP8Syl3aBEQw3Jy5Bhq0D,,title_artist,,,,False,,False,,
Trivia 轉 : Seesaw,0mZI1NpihIVcho2f9MmqSW,,title_artist,f769fd16-8a70-433f-a147-c2869f290dc4,Trivia 轉 : Seesaw,100.0,False,404,False,404,
Tear,3smbno1dKL410vC27M5KOS,,title_artist,b0be226a-e4f6-47bd-b328-135d17472b09,Tear,100.0,True,200,True,200,
Epiphany,6L88EH68XwlaXwvChlTS41,,title_artist,adfadeaf-9323-4a16-bed1-43ac42613ec9,Epiphany,100.0,True,200,True,200,
I'm Fine,7HYJqAMbKDJYRyEfUGOCBB,,title_artist,91fc00c8-8a9a-4dc5-9173-b3d7d5e15fcf,I’m Fine,100.0,False,404,False,404,
IDOL,1e8J3XClxZbFmvIHLI8CE4,,title_artist,e1d8cd3f-b502-4456-ae50-fce7a42551c9,IDOL,100.0,False,404,False,404,
Answer : Love Myself,2X3UgVLSA4wYriGIQyYmMA,,title_artist,2d13fae6-0d54-4294-b160-91248fbe144d,Answer : Love Myself,100.0,True,200,True,200,
Magic Shop,37nOpaUof3d4Xsmr6moAiI,,title_artist,c56264e4-e1fe-4c35-9d0c-f69cf2e36cd2,Magic Shop,100.0,True,200,True,200,
Best Of Me,3xYfDSxJhRLDIb1fw71WTw,,title_artist,498d6113-6aa7-4301-9920-a3b6535d3a7b,Best of Me,100.0,True,200,True,200,
Airplane pt.2,60nwvOMLA1uzLHz3CLp4Na,,title_artist,f4e93f39-0bd1-4107-86a2-c1ac2bd36e85,Airplane pt.2,100.0,True,200,True,200,
Go Go,4kZoZfj7IBg8eo1JZ2vsGO,,title_artist,500cc976-fbee-4072-8dfb-5968daa6c7b7,Go Go -Japanese ver.-,100.0,True,200,True,200,
Anpanman,453W8V5Ynwn6Tr28KuOwsO,,title_artist,2a11a3da-5496-4c64-ad92-cf54a222d06e,Anpanman,100.0,True,200,True,200,
MIC Drop,0nUftNWYvNCWnjiyeujCR8,,title_artist,642eae84-6fb4-4738-8490-022b1bebc429,Mic Drop,100.0,False,404,False,404,
DNA (Pedal 2 LA Mix),0RFxljd297sk7sKm5ZDD5J,,title_artist,5438d07f-362a-4893-9c9b-89d22eed1280,DNA (Pedal 2 LA mix),100.0,True,200,True,200,
FAKE LOVE (Rocking Vibe Mix),1WjGvMbHE23jEipydV80Mu,,title_artist,4375337a-5ffb-47ef-a4be-f34a16a26a86,FAKE LOVE (Rocking Vibe mix),100.0,True,200,True,200,
MIC Drop (Steve Aoki Remix) (Full Length Edition),01380RE6UfsPSdiUIwrCoH,,title_artist,1a7830b2-5ee6-4816-aa57-928a8dce3c24,MIC Drop (Steve Aoki remix) (full length edition),100.0,True,200,True,200,
IDOL,54azQnjuDYDFfImXimGFsA,,title_artist,e1d8cd3f-b502-4456-ae50-fce7a42551c9,IDOL,100.0,False,404,False,404,
Intro: Singularity,5rNZsITjXf23iFkRA924FV,,title_artist,,,,False,,False,,
FAKE LOVE,6m1TWFMeon7ai9XLOzdbiR,,title_artist,27e95178-49ac-47a1-8b4c-540c77982680,FAKE LOVE,100.0,True,200,True,200,
The Truth Untold (feat. Steve Aoki),7DEKa5Z7Cl8s3Y7imb88OM,,title_artist,,,,False,,False,,
134340,1MX0g22bQkr9HDVe37fLnN,,title_artist,fe39c870-390e-4a5c-a3ad-7359046c0856,134340,100.0,True,200,True,200,
Love Maze,4ROdFnoZNn2RTmwct0cVpx,,title_artist,9fb18a93-3753-4db7-b2b4-fe8a6ee693ce,Love Maze,100.0,True,200,True,200,
Magic Shop,5MTGPkmiUuud9NkA0sl2nI,,,,,,False,error,False,error,"HTTPSConnectionPool(host='musicbrainz.org', port=443): Max retries exceeded with url: /ws/2/recording?fmt=json&query=recording%3A%22Magic+Shop%22+AND+artist%3A%22BTS%22&limit=5 (Caused by SSLError(SSLEOFError(8, '[SSL: UNEXPECTED_EOF_WHILE_READING] EOF occurred in violation of protocol (_ssl.c:1000)')))"
Airplane pt.2,4lAE47gj539h8R1yxPhhGG,,title_artist,f4e93f39-0bd1-4107-86a2-c1ac2bd36e85,Airplane pt.2,100.0,True,200,True,200,
Anpanman,34OSqW5ULWxmCEMjJ1ZgVW,,title_artist,2a11a3da-5496-4c64-ad92-cf54a222d06e,Anpanman,100.0,True,200,True,200,
So What,0wqqe8k13bJPxRt7FEmnwS,,title_artist,46e8390b-180a-4911-a201-42bd1cda5432,So What,100.0,True,200,True,200,
Outro: Tear,27yKZtF7WLdmlLoW8qMssq,,,,,,False,error,False,error,"HTTPSConnectionPool(host='musicbrainz.org', port=443): Max retries exceeded with url: /ws/2/recording?fmt=json&query=recording%3A%22Outro%3A+Tear%22+AND+artist%3A%22BTS%22&limit=5 (Caused by SSLError(SSLEOFError(8, '[SSL: UNEXPECTED_EOF_WHILE_READING] EOF occurred in violation of protocol (_ssl.c:1000)')))"
INTRO : Ringwanderung,3asJVXjbxNEOwPUL47wvcc,,title_artist,8eaf3012-2416-4a64-8bc2-b5bed183f7de,INTRO : Ringwanderung,100.0,True,200,True,200,
Best Of Me - Japanese ver.,6yGKx4J9UdMp7tcaGXWzDj,,,,,,False,error,False,error,"HTTPSConnectionPool(host='musicbrainz.org', port=443): Max retries exceeded with url: /ws/2/recording?fmt=json&query=recording%3A%22Best+Of+Me+-+Japanese+ver.%22+AND+artist%3A%22BTS%22&limit=5 (Caused by SSLError(SSLEOFError(8, '[SSL: UNEXPECTED_EOF_WHILE_READING] EOF occurred in violation of protocol (_ssl.c:1000)')))"
血、汗、涙 - Japanese ver.,6u1ILVDFXcmQGQGCA3h849,,title_artist,,,,False,,False,,
DNA - Japanese ver.,4Bkh5uDlP14vneIoRG0umC,,,,,,False,error,False,error,"HTTPSConnectionPool(host='musicbrainz.org', port=443): Max retries exceeded with url: /ws/2/recording?fmt=json&query=recording%3A%22DNA+-+Japanese+ver.%22+AND+artist%3A%22BTS%22&limit=5 (Caused by SSLError(SSLEOFError(8, '[SSL: UNEXPECTED_EOF_WHILE_READING] EOF occurred in violation of protocol (_ssl.c:1000)')))"
Not Today - Japanese ver.,6aJj9OlLiZVagW8fd8ZtK3,,,,,,False,error,False,error,"HTTPSConnectionPool(host='musicbrainz.org', port=443): Max retries exceeded with url: /ws/2/recording?fmt=json&query=recording%3A%22Not+Today+-+Japanese+ver.%22+AND+artist%3A%22BTS%22&limit=5 (Caused by SSLError(SSLEOFError(8, '[SSL: UNEXPECTED_EOF_WHILE_READING] EOF occurred in violation of protocol (_ssl.c:1000)')))"
MIC Drop - Japanese ver.,3N6te5xi59Ex4HudLKsgGS,,title_artist,,,,False,,False,,
Don't Leave Me,3zIG0WuI5RoJsFYnErkFDU,,title_artist,212a7a6c-48fb-480a-befc-7db6a168d0ff,Don’t Leave Me,100.0,True,200,True,200,
Go Go - Japanese ver.,0YguyyCOTyujhSDXWyB4W3,,title_artist,,,,False,,False,,
Crystal Snow,6NbfFVZ01Ttvvqmcok8DxL,,title_artist,c020d547-2718-46ab-adfa-ae12ddd619b3,Crystal Snow,100.0,True,200,True,200,
Spring Day - Japanese ver.,4a8guR4owPEdDyLsPIC6HP,,,,,,False,error,False,error,"HTTPSConnectionPool(host='musicbrainz.org', port=443): Max retries exceeded with url: /ws/2/recording?fmt=json&query=recording%3A%22Spring+Day+-+Japanese+ver.%22+AND+artist%3A%22BTS%22&limit=5 (Caused by SSLError(SSLEOFError(8, '[SSL: UNEXPECTED_EOF_WHILE_READING] EOF occurred in violation of protocol (_ssl.c:1000)')))"
Let Go,1OqDvYVDhJyFZny7XlfIyZ,,title_artist,c530d446-6462-4430-b3a8-5850369a0d2c,Let Go,100.0,True,200,True,200,
OUTRO : Crack,0qrPZ27AhOahJivGsDbUSS,,title_artist,fab256be-fdbf-4d78-8599-fe1b129442b4,OUTRO : Crack,100.0,True,200,True,200,
Intro: Serendipity,61RvEx7GLYRHQhG7ldjJo1,,,,,,False,error,False,error,"HTTPSConnectionPool(host='musicbrainz.org', port=443): Max retries exceeded with url: /ws/2/recording?fmt=json&query=recording%3A%22Intro%3A+Serendipity%22+AND+artist%3A%22BTS%22&limit=5 (Caused by SSLError(SSLEOFError(8, '[SSL: UNEXPECTED_EOF_WHILE_READING] EOF occurred in violation of protocol (_ssl.c:1000)')))"
DNA,3uRLwBjI2TahxslcMTvpFs,,title_artist,252a92a3-6ab6-4125-bbb9-593817467916,DNA,100.0,False,404,False,404,
Best Of Me,5C6A1WXVfKvBBQmaFFnBgs,,title_artist,498d6113-6aa7-4301-9920-a3b6535d3a7b,Best of Me,100.0,True,200,True,200,
dimple,6pp6xf9zS55GD4nr318XUH,,title_artist,,,,False,,False,,
Pied Piper,1ZPeaPDjQOOC8hw1mNjyjF,,title_artist,096c01bf-921b-4ca5-897b-ce51cd118e8a,Pied Piper,100.0,True,200,True,200,
MIC Drop,4gZGAVECoiutzp64KSHNjE,,title_artist,642eae84-6fb4-4738-8490-022b1bebc429,Mic Drop,100.0,False,404,False,404,
Go Go,5vOT8VO87TAnUjh0oADwb1,,title_artist,500cc976-fbee-4072-8dfb-5968daa6c7b7,Go Go -Japanese ver.-,100.0,True,200,True,200,
Outro: Her,559U79ujLJSP6OUyH2nGLl,,title_artist,,,,False,,False,,
Intro: Boy Meets Evil,2j9ipQhjMruvvqN2azJgtF,,title_artist,,,,False,,False,,
Blood Sweat & Tears,0Yqr9qtmhjYPUtsFB04g9R,,title_artist,38f1f272-d7e8-4ae7-93ff-3e574eeef484,Blood Sweat & Tears - Live,100.0,False,404,False,404,
Begin,0Q2rXWKozTyewEaVUkFhmA,,title_artist,864ff9a2-67b7-4a08-a25a-c1f918db8a0d,Begin,100.0,True,200,True,200,
Lie,66N38jZOApS3dGhy8ijBVV,,title_artist,97530e9e-c09c-481b-87b4-3408c5a75094,Lie,100.0,True,200,True,200,
Stigma,5grRCOfgYUpsGHsDHl4K1Y,,title_artist,c2ac34ca-87d2-4295-bac5-2497859c416b,Stigma,100.0,True,200,True,200,
First Love,474dlSQ6pirpzcSf58cZOF,,title_artist,21c8efda-510f-4a08-b769-78e580289095,First Love,100.0,True,200,True,200,
Reflection,7MtCKC1shCaN0eaZoEd8yF,,title_artist,2b1f9266-2a5f-487c-b603-f172032d8b33,Reflection,100.0,True,200,True,200,
MAMA,25TIeoVFG1QKdMppHdjNq0,,title_artist,875ff241-cd9c-4a60-9e89-360681540732,MAMA,100.0,True,200,True,200,
Awake,1GZ4rjIbktlYy1n7zmyCmq,,title_artist,400af1b6-110d-487f-8281-baf876c9e1bc,Awake,100.0,True,200,True,200,
Lost,6aDhj6RxOvQ4GFo9U7lZYi,,title_artist,e06ed708-515a-4774-b8c1-f22ae4398c3c,Lost,100.0,True,200,True,200,
BTS Cypher 4,5tLC6mhPAWJ2s2Wr4A6qHX,,title_artist,8c00ea90-326a-4b6c-a0e2-f657b6ef62e1,BTS Cypher 4,100.0,True,200,True,200,
Am I Wrong,6u6d06X2GzZ9AjPrh14MJH,,title_artist,cdadee16-02ff-41cc-95a3-1fe239755bea,Am I Wrong,100.0,True,200,True,200,
21st Century Girl,6GxNA9J3P70amAXKUPghid,,title_artist,,,,False,,False,,
2! 3!,0G1Y5QG8wULxMzm45vqPIZ,,title_artist,cbeaa176-ac47-4776-9a73-5cf8aaa1b052,"1, 2, 3 BEAT!",100.0,False,404,False,404,
Spring Day,2j1fFjWHCI9KJSwcuYAOyF,,title_artist,eb9d2b83-cf5f-45b2-9d43-12370e12acda,Comment - Spring Day,100.0,False,404,False,404,
Not Today,3wyrhwPpV8uhMMEms4vG3X,,title_artist,576afe3f-2628-4073-8ef6-2c5e29c12f7c,Not Today,100.0,True,200,True,200,
Outro: Wings,7kyUapJyppdjzoAWB6XS14,,title_artist,,,,False,,False,,
A Supplementary Story: You Never Walk Alone,2ZbYyDM0pacTwP2odNsdlo,,title_artist,,,,False,,False,,
Intro: Boy Meets Evil,1hlT8F0X27uf3fpOWawjbY,,title_artist,,,,False,,False,,
Blood Sweat & Tears,2u54HNQamwFuOMLSuhSRom,,title_artist,38f1f272-d7e8-4ae7-93ff-3e574eeef484,Blood Sweat & Tears - Live,100.0,False,404,False,404,
Begin,0bGJHUPR6ems9tzIljlPFR,,title_artist,864ff9a2-67b7-4a08-a25a-c1f918db8a0d,Begin,100.0,True,200,True,200,
Lie,1nWB8isqs2tviWk20G5pow,,title_artist,97530e9e-c09c-481b-87b4-3408c5a75094,Lie,100.0,True,200,True,200,
Stigma,3LTwMQ9kkn5VVhP3jipBlR,,title_artist,c2ac34ca-87d2-4295-bac5-2497859c416b,Stigma,100.0,True,200,True,200,
First Love,1UeVC9gDeHxwlWOQyQJerj,,title_artist,21c8efda-510f-4a08-b769-78e580289095,First Love,100.0,True,200,True,200,
Reflection,6O7358UPKsUumzjumFxVtp,,title_artist,2b1f9266-2a5f-487c-b603-f172032d8b33,Reflection,100.0,True,200,True,200,
MAMA,51hIGgLnT8s6gEzjVqKlEF,,title_artist,875ff241-cd9c-4a60-9e89-360681540732,MAMA,100.0,True,200,True,200,
Awake,3gxNkvcP8scSzL6mGznTn3,,title_artist,400af1b6-110d-487f-8281-baf876c9e1bc,Awake,100.0,True,200,True,200,
Lost,2So2zLatKtnIP0cy3a4Fn0,,title_artist,e06ed708-515a-4774-b8c1-f22ae4398c3c,Lost,100.0,True,200,True,200,
BTS Cypher 4,4cTSnpyaIR1qGaTOLJunDM,,title_artist,8c00ea90-326a-4b6c-a0e2-f657b6ef62e1,BTS Cypher 4,100.0,True,200,True,200,
Am I Wrong,7BFVLQASwcGrxEPsz1teIW,,title_artist,cdadee16-02ff-41cc-95a3-1fe239755bea,Am I Wrong,100.0,True,200,True,200,
21st Century Girl,52d5NT69mkmr6WzvQJ9vHr,,title_artist,,,,False,,False,,
2! 3!,3KVOfGrYVjoP1w8T2HVltm,,title_artist,cbeaa176-ac47-4776-9a73-5cf8aaa1b052,"1, 2, 3 BEAT!",100.0,False,404,False,404,
Interlude: Wings,6dNOlenVY8vp29pkMZOd7c,,title_artist,,,,False,,False,,
Introduction : Youth,5KLKbUVfdHOTCDybf61LEW,,title_artist,aafcb45c-4be9-45dd-8203-4d6dc2c207b6,INTRODUCTION : YOUTH,100.0,False,404,False,404,
Run - Japanese Ver.,0z9xZhi7E8M6JDTL5AvqKh,,title_artist,,,,False,,False,,
Fire - Japanese Ver.,37T5IYyhKNow16Rf2eohTt,,title_artist,,,,False,,False,,
Good Day,2aTDPjGFdyBfc3lKLAAaoI,,title_artist,8d6d8f3f-d833-494d-b652-303f03a87325,Good Day,100.0,False,404,False,404,
Save Me - Japanese Ver.,3ynWDFCcw9CXngKnxoVIfj,,title_artist,,,,False,,False,,
Peppuse - Japanese Ver.,7jv4hEfdRuXKpex8uZBKtE,,title_artist,,,,False,,False,,
Wishing On A Star,3UvbL9zd4XTsCL8O6Qp2bR,,title_artist,9de0020f-9879-43f2-b9a0-7eb215be0dfb,Wishing on a Star,100.0,False,404,False,404,
Butterfly - Japanese Ver.,5jTNR1Mqi0wLYniACLTmMo,,title_artist,,,,False,,False,,
For You,2offgVA6h500KKIvUYU5kP,,title_artist,9eb07aa9-eee8-4dbc-b45d-4379dd0bfaf4,FOR YOU,100.0,False,404,False,404,
I Need U - Japanese Ver.,6VcJUprKUPI1jgsQ78MJrO,,title_artist,,,,False,,False,,
Epilogue : Young Forever - Japanese Ver.,0FHsHpMfgHnh8HIE1qCwoI,,title_artist,,,,False,,False,,
Intro: The Most Beautiful Moment in Life,2C4AmTAKoJQgfMDXFasXcY,,title_artist,,,,False,,False,,
I Need U,6EWoLZ6n26bF3Cl9Hq3pqv,,title_artist,607c82e7-1227-44e3-b349-db2caf925f4d,I NEED U,100.0,False,404,False,404,
Hold Me Tight,7gnIQ7K1TBbIvhVrR4c4gI,,title_artist,730a2f88-df86-4c8c-ada6-47c6abdb6824,잡아줘 (Hold Me Tight),100.0,True,200,True,200,
Autumn Leaves,0S6rA2IKknGGsyZNEkwRJB,,title_artist,,,,False,,False,,
Butterfly (Prologue Mix),0XwvxY5yMRI7vh55eBRe3B,,title_artist,a19a5c0e-5e3f-4b7b-8417-e4c42cdf0c2d,Butterfly (prologue mix),100.0,True,200,True,200,
Run,0RElgFnZjIZ0hLlO4WY14R,,title_artist,22d90ef6-04dc-4ab6-9fd5-5ee8fa52e102,RUN,100.0,True,200,True,200,
Ma City,612T32kWgsXgsJ5gl8KXpN,,title_artist,df2cebf7-8797-4f4e-b585-4c4baebeb8de,Ma City,100.0,True,200,True,200,
Silver Spoon,5PRJlVG1c2JNa85mFoGARM,,title_artist,31209355-cec7-4ad1-a525-9953f9c8b9f2,Silver Spoon - Live,100.0,False,404,False,404,
Dope,4o3Ao6wY5fbJR32fQKabfQ,,title_artist,78aa7b60-767c-42f5-b5da-531d4ffe549a,Dope - Live,100.0,False,404,False,404,
Burning Up (Fire),0aE3V0zgSD2YwkEHW42gxG,,title_artist,df77366d-87aa-4e21-af73-b2a271c163d6,Burning Up (FIRE) - Live,100.0,False,404,False,404,
Save Me,7bxGcILuAjkZzaveU28ZJS,,title_artist,9a33fc66-1d94-4e0e-94a9-6154d87d94cb,Save ME,100.0,True,200,True,200,
Epilogue: Young Forever,6BskTMfDjXVzeqQHOau5Vi,,title_artist,,,,False,,False,,
Converse High,4XtvJ78i5yI5QigVHuxWZt,,title_artist,b7231237-fa21-4428-8f0e-b03e20cdc68b,Converse High,100.0,True,200,True,200,
Moving On,7j8YcE2SKZoLkeLL0qMvkH,,title_artist,,,,False,,False,,
Whalien 52,2HMVg8AqrijDGKu0U5bVNH,,title_artist,b3bd5de1-ceeb-4901-913b-7292f0e1c535,Whalien 52,100.0,True,200,True,200,
Butterfly,2QP1vvLPtAVOVAFabpqypA,,title_artist,57583826-56dc-4d3b-8644-805134861412,Butterfly,100.0,True,200,True,200,
House of Cards (Full Length Edition),6S2gYweMmT6xygVh5q3QLa,,title_artist,6d041af4-7d32-4735-828c-ed78b4282815,House of Cards (full length edition),100.0,True,200,True,200,
Love Is Not Over (Full Length Edition),12MGUs7yIus6sU09ekZMjw,,title_artist,09912456-6d88-4d61-9b1d-4c9a901e5b01,Love Is Not Over (full length edition),100.0,True,200,True,200,
I Need U (Urban Mix),0avGJHXsqHQfFloHTCbcwb,,,,,,False,error,False,error,"HTTPSConnectionPool(host='musicbrainz.org', port=443): Max retries exceeded with url: /ws/2/recording?fmt=json&query=recording%3A%22I+Need+U+%28Urban+Mix%29%22+AND+artist%3A%22BTS%22&limit=5 (Caused by SSLError(SSLEOFError(8, '[SSL: UNEXPECTED_EOF_WHILE_READING] EOF occurred in violation of protocol (_ssl.c:1000)')))"
I Need U (Remix),4pzjU0AnZa6Vfphk292e9Q,,title_artist,81c56b2a-9582-41b9-b387-18b8a44f155c,I NEED U (remix),100.0,True,200,True,200,
Run (Ballad Mix),4NNpKLaoOEeYi78vQDb3lB,,title_artist,24f6243a-3a76-48d8-b6be-ed6f2fd5dca1,RUN (Ballad mix),100.0,True,200,True,200,
Run (Alternative Mix),4ou8XX6AM0XFVjWFuzllWP,,title_artist,d880b151-19bf-40be-937b-bf610f2db5df,RUN (alternative mix),100.0,True,200,True,200,
Butterfly (Alternative Mix),0G0UoEFLum7ZPJxbmMbhPf,,title_artist,5e6938eb-63ef-4fb9-bc03-1702c3568e70,Butterfly (alternative mix),100.0,True,200,True,200,
Intro: Never Mind,6JbPyMiLnWaaKusic64bCq,,title_artist,,,,False,,False,,
Run,3G1aAxWS2Nd17FQs4PWV6X,,title_artist,22d90ef6-04dc-4ab6-9fd5-5ee8fa52e102,RUN,100.0,True,200,True,200,
Butterfly,3bjg5cbmuwDoS7e2dAWyRG,,title_artist,57583826-56dc-4d3b-8644-805134861412,Butterfly,100.0,True,200,True,200,
Whalien 52,1otHp4s8IRCLn1JZcVrNhz,,title_artist,b3bd5de1-ceeb-4901-913b-7292f0e1c535,Whalien 52,100.0,True,200,True,200,
Ma City,2wm3oZ5IzWz5tVyo3gFIJq,,title_artist,df2cebf7-8797-4f4e-b585-4c4baebeb8de,Ma City,100.0,True,200,True,200,
Silver Spoon,6O734u9qnz6B4gWMyszWhi,,title_artist,31209355-cec7-4ad1-a525-9953f9c8b9f2,Silver Spoon - Live,100.0,False,404,False,404,
Autumn Leaves,158kubraiqKrcYpRsDHrBU,,title_artist,,,,False,,False,,
Outro: House of Cards,2cy3eWaTBoOFJwtFMR6jKb,,title_artist,,,,False,,False,,
Intro: The Most Beautiful Moment in Life,7HhZAKSvFWz4bT5jsZLPeq,,title_artist,,,,False,,False,,
I Need U,3wQnyXNFXNUEOBt1pb4urq,,title_artist,607c82e7-1227-44e3-b349-db2caf925f4d,I NEED U,100.0,False,404,False,404,
Hold Me Tight,2SKBwYW23iHoB7CrYSeyC9,,title_artist,730a2f88-df86-4c8c-ada6-47c6abdb6824,잡아줘 (Hold Me Tight),100.0,True,200,True,200,
Dope,7jPCPDYoiaKeK7cgNGpIzq,,title_artist,78aa7b60-767c-42f5-b5da-531d4ffe549a,Dope - Live,100.0,False,404,False,404,
Boyz with Fun,1sz4drpDPpHVrPUgnXGaNn,,title_artist,,,,False,,False,,
Converse High,6ZITsss1URNOIKhniylpBP,,title_artist,b7231237-fa21-4428-8f0e-b03e20cdc68b,Converse High,100.0,True,200,True,200,
Moving On,0jo4304s0u51JHHCv7it9K,,title_artist,,,,False,,False,,
Outro: Love Is Not Over,0hwev90tfswBoZmgKnJ9F8,,title_artist,,,,False,,False,,
Intro.,3H3i1F0msbZ30iZMYaQ4rN,,title_artist,e8b7b5f0-485f-41f1-8e7e-bb60ef02ff21,Intro,100.0,False,404,False,404,
The Stars,1PfGlo5nWnbBxfQyY2rxYk,,title_artist,869d9d4a-391c-4cec-9ad7-bfa67975ad0a,THE STARS,100.0,True,200,True,200,
Jump - Japanese Ver.,0S4NYIxuQlDqMCF8NK6xIj,,title_artist,,,,False,,False,,
Danger - Japanese Ver.,6ri9BvvODhRDVWcxL0gIqo,,title_artist,,,,False,,False,,
Boy In Luv - Japanese Ver.,73JwJ9XG3VIeKQqM5emJRC,,title_artist,,,,False,,False,,
Just One Day - Japanese Ver.,5JZbs20da6C4DfsPkyR0X0,,title_artist,,,,False,,False,,
No More Dream - Japanese Ver.,5S2WCxjmcTWbYvzy9a4bZI,,title_artist,,,,False,,False,,
N.O - Japanese Ver.,1IHuda3tsgQk4anyfLxHEz,,title_artist,,,,False,,False,,
Wake Up,7gLRRcl3qKKpDlt0gApSAJ,,title_artist,7f801b6c-2de6-4177-b5bc-ebf79014949d,WAKE UP,100.0,False,404,False,404,
Outro.,0KFNlFyyYU3i4JRhNR0V14,,title_artist,ee49eb76-d208-4a66-8d92-4d89cee9e88b,Outro,100.0,False,404,False,404,
Intro: What Am I to You,3HhgGvmDKx13uRTkXYfcDw,,title_artist,,,,False,,False,,
Danger,0zzRxtfO5FGxKdqq4OKmlw,,title_artist,283bbb04-a6f5-42ca-8dd3-3ef7405e73b8,Danger,100.0,True,200,True,200,
War of Hormone,29SjtKzBoJDgyIBusHylIS,,title_artist,,,,False,,False,,
Hip Hop Phile,4c9XojqJDu7KNCh8GmNbj5,,title_artist,,,,False,,False,,
Let Me Know,2uqzfXB7NlBnhQd04W7HaH,,title_artist,c35739f4-c76c-4422-a79c-4c5ab785e15f,Let Me Know,100.0,True,200,True,200,
Rain,6Jr2GutTFyfvAzGA36R2Uj,,title_artist,af7a3687-a3c7-43c2-ad7b-4e600845a785,Rain,100.0,True,200,True,200,
BTS Cypher Pt.3: Killer,5OlieB5VdsOMuBuCtllXGW,,title_artist,,,,False,,False,,
Interlude: What Are You Doing Now,6w5nte2isfv5QLImckFD8a,,title_artist,,,,False,,False,,
Could You Turn off Your Cell Phone,022wInIMcMtWRqkcpy7WwO,,title_artist,,,,False,,False,,
24/7=Heaven,17SBD4aDKo9ZeahcQJ6j72,,title_artist,6bfc78d2-8743-47fa-880e-cd7290a24456,24/7=Heaven,100.0,True,200,True,200,
Look Here,0x4cMbCLC6L7aJQs3EiPaZ,,title_artist,,,,False,,False,,
So 4 more,5EdwOTiD4Vz7xEoB7jt8En,,title_artist,,,,False,,False,,
Outro: Do You Think It Makes Sense?,0I4CicY6MftmDgdd76LXss,,title_artist,,,,False,,False,,
Miss Right,1ht2uYq91yLc9S6IxwiwCK,,title_artist,332665a0-2dbe-4074-a0ff-c9841a283794,Miss Right,100.0,False,404,False,404,
Like (Slow Jam Remix),5OXUwFDCnmT3eUWUYVRrk9,,title_artist,,,,False,,False,,
Intro: Skool Luv Affair,5heidJi9Gni0QHhXStoimY,,title_artist,,,,False,,False,,
Boy in Luv,1wdWWC1YzKkCWp06e0IPqH,,title_artist,117ef220-3c7b-481f-b3f3-9ba5e64112d8,상남자 (Boy in Luv),100.0,False,404,False,404,
Where You From,6gGCS5r2t5uxaeBWAPeBp2,,title_artist,,,,False,,False,,
Just One Day,5oXLcjfVfq0QxIfgIHgYGn,,title_artist,8c498e50-16ca-4a76-a51b-a63ca3a02161,JUST ONE DAY -Japanese ver.-,100.0,False,404,False,404,
Tomorrow,1LdpcTZm0Of4Nq0FsbREKO,,title_artist,34ad7c0f-6f8f-429a-b7bd-b35a3625ce5c,Tomorrow,100.0,True,200,True,200,
BTS Cypher Pt.2: Triptych,1EzaBJk1rcT3ukKRPko1s4,,title_artist,,,,False,,False,,
Spine Breaker,1srYOWykolKZnA6SAN1GiA,,title_artist,,,,False,,False,,
Jump,6bv8GUc337blg2QcskhdAJ,,title_artist,a6b2a6a1-acdc-47ae-8022-03bfe864d534,JUMP,100.0,True,200,True,200,
Outro: Propose,7EW03rmUEfPIFSxuzZQsgA,,title_artist,,,,False,,False,,
Intro: Skool Luv Affair,7vG0yTvfZZtQ4DoSyy5a61,,title_artist,,,,False,,False,,
Boy in Luv,3FnDv33WrrMtuEr7hNR3ev,,title_artist,117ef220-3c7b-481f-b3f3-9ba5e64112d8,상남자 (Boy in Luv),100.0,False,404,False,404,
Where You From,0nZaV8LwxHeg8TqFy193IL,,title_artist,,,,False,,False,,
Just One Day,6t7WriKgVszATnrdBKSUAf,,title_artist,8c498e50-16ca-4a76-a51b-a63ca3a02161,JUST ONE DAY -Japanese ver.-,100.0,False,404,False,404,
Tomorrow,0JkTVcN5kilfMztDb3bKZk,,title_artist,34ad7c0f-6f8f-429a-b7bd-b35a3625ce5c,Tomorrow,100.0,True,200,True,200,
BTS Cypher Pt.2: Triptych,41eoHn3yTDYMV9hFn50ef4,,title_artist,,,,False,,False,,
Spine Breaker,0F3Dpp18yIxIm7XRmn0LBj,,title_artist,,,,False,,False,,
Jump,1jZZm43y7RPuwjJQ5LrGHe,,title_artist,a6b2a6a1-acdc-47ae-8022-03bfe864d534,JUMP,100.0,True,200,True,200,
Outro: Propose,3x0SuB95K0XewiAKwNEiMZ,,title_artist,,,,False,,False,,
"Intro: O!RUL8,2?",3FdanLGasOj37Xi316GfZ4,,title_artist,,,,False,,False,,
N.O,7JosxtkCqIQieNWXA2Dj3v,,title_artist,4ca68043-cffc-455a-90ca-3ab2f6ae78e7,N.O,100.0,True,200,True,200,
We On,29vOLabxvytbI8fX9xgTaD,,title_artist,f8dc4c42-d2ed-4765-88cd-4025bc22bfd0,We On,100.0,True,200,True,200,
If I Ruled the World,4bLtrrVDspeDNSaHGGMQkB,,title_artist,dfe34467-e085-4e5e-ae38-865fa9164bd3,If I Ruled the World,100.0,True,200,True,200,
Coffee,4eqHEzFsCCiGALC1MHbqnU,,title_artist,e0deb86b-0a06-4f78-a792-a1c5781050cd,Coffee,100.0,True,200,True,200,
BTS Cypher Pt.1,3KkbZok84es6JqI5aiLj1g,,title_artist,f36a46ca-ac02-4caf-aae9-ce6f19d75f09,BTS Cypher PT.1,100.0,True,200,True,200,
Attack on Bangtan,06PapYCtVDlprJPgGELabn,,title_artist,,,,False,,False,,
Paldogangsan,3VlYMpSmYooLpzLiRBBfbX,,title_artist,,,,False,,False,,
Outro: Luv in Skool,2ZiVvIvwAwNRL4dUO3TaF6,,title_artist,,,,False,,False,,
Intro: 2 Cool 4 Skool,1UlnDZ5ubsSX3xrXu063dZ,,title_artist,,,,False,,False,,
We Are Bulletproof Pt.2,5pjHS3EpHurMyIpB2QBnEd,,title_artist,1cf1eebe-3c34-40c6-9fcb-550aa00c6205,We Are Bulletproof PT.2,100.0,False,404,False,404,
No More Dream,089PFeXotzDLNQz9NCk6pF,,title_artist,2da0d7f3-787f-44ee-b81e-5a7d68ba88a4,No More Dream,100.0,True,200,True,200,
Like,55Ctj6nVfobn9AcPe6sLG2,,title_artist,581ae522-2b53-4353-bd4c-d6166793e759,Like Animals,100.0,False,404,False,404,
Outro: Circle Room Cypher,1GPIdEcxPjPIYGmN08b1yf,,title_artist,,,,False,,False,,
Angel Pt. 2,2q6GfDEbNUwJENX6EZLK4Q,,title_artist,448f5011-eed7-418a-9b92-fb4706529f05,Angel Pt. 2,100.0,False,404,False,404,
Take Two,5IAESfJjmOYu7cHyX557kz,,title_artist,9ec6dbc0-b183-49c5-9b8b-d9dbc36b6747,Take Two,100.0,False,404,False,404,
"Angel Pt. 1 (feat. Jimin of BTS, JVKE & Muni Long)",4TZYldxfZlV3hKtZGl8kRb,,title_artist,,,,False,,False,,
"Angel Pt. 1 (feat. Jimin of BTS, JVKE & Muni Long)",2tC8dLnjkNFMGOqaYMSjcp,,title_artist,,,,False,,False,,
"Angel Pt. 1 (feat. Jimin of BTS, JVKE & Muni Long)",1vvcEHQdaUTvWt0EIUYcFK,,title_artist,,,,False,,False,,
The Planet,4IJsVXbSeGPUrgwpVoHmlg,,title_artist,ca80a201-f1a2-426a-bdec-15d78c7756a4,The Planet,100.0,False,404,False,404,
Dreamers [Music from the FIFA World Cup Qatar 2022 Official Soundtrack],0jY618wuln0b5b8sCxFgjk,,title_artist,,,,False,,False,,
Yet To Come (Hyundai Ver.),4ncTUgTfUV3wrjTPzKvn01,,title_artist,ecd379be-8ba2-4739-b127-5c47b2e7cc4a,Yet to Come (Hyundai ver.),100.0,False,404,False,404,
Butter (Holiday Remix),3IA9LkBEVhJDOxOnh1nf8a,,title_artist,505bf44a-a3a1-4603-831a-dddb8ce87f79,Butter (Holiday remix),100.0,False,404,False,404,
Butter (Megan Thee Stallion Remix),474VqnPDr0251lsQBB8sQB,,title_artist,,,,False,,False,,
Permission to Dance,3XYRV7ZSHqIRDG87DKTtry,,title_artist,25470481-3b01-4375-874e-1c6202cf4300,Permission to Dance,100.0,False,404,False,404,
Permission to Dance (R&B Remix),3IGM6ph0w2fERLlyQtBoQt,,title_artist,ff901351-bed9-4a42-b089-7a4c45f5cc33,Permission to Dance (R&B remix),100.0,False,404,False,404,
Butter,1hciAV5LrrTkRV0g0StZ6h,,title_artist,4b38141e-404e-4a32-bbf6-6a0c3dacc377,Butter,100.0,False,404,False,404,
Permission to Dance,43Y0lr2rcWirZysfT26JY5,,title_artist,25470481-3b01-4375-874e-1c6202cf4300,Permission to Dance,100.0,False,404,False,404,
Butter,1mWdTewIgB3gtBM3TOSFhB,,title_artist,4b38141e-404e-4a32-bbf6-6a0c3dacc377,Butter,100.0,False,404,False,404,
Butter (Hotter Remix),2uuWT347cQG0fRkrgAZ5KQ,,title_artist,8f5aa81a-437f-44e8-897c-964fcb26c635,Butter (Hotter remix),100.0,False,404,False,404,
Butter (Sweeter Remix),4RCf2OBsZfbMeGNXY872aE,,title_artist,30e4d8f3-a79e-475c-bc9a-97e9423499a0,Butter (Sweeter remix),100.0,False,404,False,404,
Butter (Cooler Remix),7zOpZlwRK74a1nuszDZ5ZQ,,title_artist,4d04cf02-2334-4660-9bf6-2af8dad1bd47,Butter (Cooler remix),100.0,False,404,False,404,
Film out,3UHPGOkUcE4hE7sqBF4Snt,,title_artist,5b082713-242e-41be-964a-f8917e2a2ee4,Film out,100.0,True,200,True,200,
Dynamite (Holiday Remix),71g5YNZv9ysuAZVPuxOmiC,,title_artist,bd027a82-c747-4188-802c-df876e9e5536,Dynamite (Holiday remix),100.0,False,404,False,404,
Dynamite,72wqLtMtkrB0qUw6jSqM0Z,,title_artist,db965fe4-9e56-4fc7-837b-b2a0dcdb3206,Dynamite,100.0,True,200,True,200,
Dynamite (Slow Jam Remix),3adJ5vW78N4lpm4DzbCt6d,,title_artist,32d2bea6-1220-4d20-94c0-bd02bc959c65,Dynamite (Slow Jam Remix),100.0,False,404,False,404,
Dynamite (Midnight Remix),7MRdjWiq6wu1bFqlnqve5q,,title_artist,402b7000-67ca-4745-a63f-bd5a2c7dbb31,Dynamite (Midnight Remix),100.0,False,404,False,404,
Dynamite (Retro Remix),46cgcwt80u5CaiqHu361UH,,title_artist,584e97a1-5efc-4aaf-a179-2c6e7a0c74bd,Dynamite (Retro Remix),100.0,False,404,False,404,
Dynamite (Bedroom Remix),70hNTQkU4hogweDWeMLaWT,,title_artist,17fec49c-d57f-4b4f-be21-e0128bee89c8,Dynamite (Bedroom Remix),100.0,False,404,False,404,
Dynamite,72IwoG8tqvIWV10IHjpNNA,,title_artist,db965fe4-9e56-4fc7-837b-b2a0dcdb3206,Dynamite,100.0,True,200,True,200,
Dynamite (Acoustic Remix),083PvB3ID4h3jiGJ1GbbPA,,title_artist,fcc7ac52-c5fd-4bc9-9077-c4a5cfba1397,Dynamite (acoustic remix),100.0,False,404,False,404,
Dynamite (EDM Remix),0GIfKnZxlWAtX7P3b8PYyP,,title_artist,3484c848-d605-44ea-9b54-a90aaebd3f6b,Dynamite (EDM remix),100.0,False,404,False,404,
Dynamite (Tropical Remix),3u4igxLGmXBu1eiQjawtoe,,title_artist,5ec5d187-4fbb-41f5-b885-641bd16bc8dd,Dynamite (Tropical remix),100.0,False,404,False,404,
Dynamite (Poolside Remix),087YUEkmOGciKOflc5sQE6,,title_artist,e953b857-3325-4043-8f98-48bcd347ad53,Dynamite (Poolside remix),100.0,False,404,False,404,
Stay Gold,0UwQTbq7ZtBJ7v530mpaxP,,title_artist,1733bab5-99dc-43a8-af03-e9e723aa6a41,Stay Gold,100.0,False,404,False,404,
Black Swan,6wH3AP7b01vpzKYRJhreMy,,title_artist,61fb1575-d67b-4a0b-bf3a-9ad82fcc5e2f,Black Swan,100.0,True,200,True,200,
Make It Right (feat. Lauv) (Acoustic Remix),4aQooO4mUMX1l457bgYR6a,,,,,,False,error,False,error,"HTTPSConnectionPool(host='musicbrainz.org', port=443): Max retries exceeded with url: /ws/2/recording?fmt=json&query=recording%3A%22Make+It+Right+%28feat.+Lauv%29+%28Acoustic+Remix%29%22+AND+artist%3A%22BTS%22&limit=5 (Caused by SSLError(SSLEOFError(8, '[SSL: UNEXPECTED_EOF_WHILE_READING] EOF occurred in violation of protocol (_ssl.c:1000)')))"
Make It Right (feat. Lauv) (EDM Remix),57PBRXsXl2rEAR85Gh4Qac,,title_artist,,,,False,,False,,
Lights,44vXWYTcdrejrIQZEoHzl8,,title_artist,7ec0167d-0ad6-408c-ab67-d6055a21be69,Lights,100.0,False,404,False,404,
Boy With Luv - Japanese ver.,2Ya8bityItATB8WNxaaed1,,title_artist,,,,False,,False,,
IDOL - Japanese ver.,7IeoEVVNdCXHeILYk2Yxsr,,title_artist,,,,False,,False,,
FAKE LOVE - Japanese ver.,7Eiwn5pyUzVmj2UJnQSsuE,,title_artist,,,,False,,False,,
Airplane pt.2 - Japanese ver.,56C1UvPHIRtuLKV3qLtEJ6,,,,,,False,error,False,error,"HTTPSConnectionPool(host='musicbrainz.org', port=443): Max retries exceeded with url: /ws/2/recording?fmt=json&query=recording%3A%22Airplane+pt.2+-+Japanese+ver.%22+AND+artist%3A%22BTS%22&limit=5 (Caused by SSLError(SSLEOFError(8, '[SSL: UNEXPECTED_EOF_WHILE_READING] EOF occurred in violation of protocol (_ssl.c:1000)')))"
FAKE LOVE - Japanese ver. / Remix,6Tai2owBuWHcNXD00mQZi5,,title_artist,,,,False,,False,,
FAKE LOVE (Rocking Vibe Mix),7tpnGo2FeV8WTWTboXAAg7,,,,,,False,error,False,error,"HTTPSConnectionPool(host='musicbrainz.org', port=443): Max retries exceeded with url: /ws/2/recording?fmt=json&query=recording%3A%22FAKE+LOVE+%28Rocking+Vibe+Mix%29%22+AND+artist%3A%22BTS%22&limit=5 (Caused by SSLError(SSLEOFError(8, '[SSL: UNEXPECTED_EOF_WHILE_READING] EOF occurred in violation of protocol (_ssl.c:1000)')))"
MIC Drop - Japanese ver.,0RF2i1nWqMHK0i3xIUAhfl,,title_artist,,,,False,,False,,
DNA - Japanese ver.,1Z2uN2puf5Gd2PlVRbM2Yu,,title_artist,,,,False,,False,,
Crystal Snow,0NdYhK7ma3nu4krFkBsI5y,,title_artist,c020d547-2718-46ab-adfa-ae12ddd619b3,Crystal Snow,100.0,True,200,True,200,
MIC Drop (feat. Desiigner) [Steve Aoki Remix],6XxpvCj3eLWs3lYowSgC4G,,title_artist,,,,False,,False,,
Danger - Japanese Ver.,7msWZLyQtBaLhvsGB7j2hE,,title_artist,,,,False,,False,,
Miss Right - Japanese Ver.,3uaBayF9P4kCFhMLPMqBQw,,title_artist,,,,False,,False,,
Boy In Luv - Japanese Ver.,6Xs1YFAL7AFvnfoE1f7rPY,,title_artist,,,,False,,False,,
N.O - Japanese Ver.,7jDYnvQi8DKsKavVuxkhVO,,title_artist,,,,False,,False,,
Just One Day - Japanese Ver.,3kd1357rEgCETWCHySPj1l,,title_artist,,,,False,,False,,
Come Back Home,5dEaQCUCJIQyJs5qVZYXOC,,title_artist,b93c1469-8bf2-4566-96f4-4e9c78371a0b,Come Back Home,100.0,False,404,False,404,
血、汗、涙 - Japanese ver.,1OVUCNaV0gdltLjbpsoZwH,,title_artist,,,,False,,False,,
Not Today - Japanese ver.,7tHMnD6UuU9sNR1zlSJ6Lp,,title_artist,,,,False,,False,,
Spring Day - Japanese ver.,0I08kzlwHEkBNCioRjODFc,,title_artist,,,,False,,False,,
Run - Japanese Ver.,70vhVEisB5n2HaX6V7Pl9R,,title_artist,,,,False,,False,,
Butterfly - Japanese Ver.,4C5gHVYvSSJRPsunMJqdsd,,title_artist,,,,False,,False,,
Good Day,3KWYKrNuIGg2QmlwLBkrTF,,title_artist,8d6d8f3f-d833-494d-b652-303f03a87325,Good Day,100.0,False,404,False,404,
I Need U - Japanese Ver.,1NpkP0qImfVoMfjOgWKSG9,,title_artist,,,,False,,False,,
For You,43x0i2PPXrmOGTTgoyqGNZ,,title_artist,9eb07aa9-eee8-4dbc-b45d-4379dd0bfaf4,FOR YOU,100.0,False,404,False,404,
Hormone Sensou - Japanese Ver.,0zFiJHcn41PbBeU4pYJdNF,,title_artist,,,,False,,False,,
Let Me Know - Japanese Ver.,07RpaipQDG3p4kSEZZVzf9,,title_artist,,,,False,,False,,
No More Dream - Japanese Ver.,1mD6sDkMeumRzpVF73QrlE,,title_artist,,,,False,,False,,
